Date,NominalReturn_BCOMTR
5/15/2007,0.0054
5/16/2007,-0.0024
5/17/2007,0.0038
5/18/2007,-0.0012
5/21/2007,0.009
5/22/2007,-0.0168
5/23/2007,-0.0017
5/24/2007,-0.0064
5/25/2007,0.0111
5/29/2007,-0.0133
5/30/2007,0.008
5/31/2007,0.0075
6/1/2007,0.0076
6/4/2007,0.0088
6/5/2007,-0.0043
6/6/2007,-0.0062
6/7/2007,-0.0038
6/8/2007,-0.0188
6/11/2007,0.0144
6/12/2007,-0.0057
6/13/2007,0.0052
6/14/2007,0.0153
6/15/2007,0.0096
6/18/2007,-0.0022
6/19/2007,-0.0144
6/20/2007,0
6/21/2007,-0.0068
6/22/2007,-0.0087
6/25/2007,-0.0037
6/26/2007,-0.0102
6/27/2007,0.0025
6/28/2007,-0.002
6/29/2007,0.0063
7/2/2007,0.0048
7/3/2007,-0.0022
7/5/2007,0.0043
7/6/2007,0.0047
7/9/2007,0.0006
7/10/2007,0.0091
7/11/2007,-0.0001
7/12/2007,0.0013
7/13/2007,0.0059
7/16/2007,-0.0197
7/17/2007,-0.0076
7/18/2007,0.0178
7/19/2007,0.0084
7/20/2007,-0.0045
7/23/2007,-0.0189
7/24/2007,-0.0043
7/25/2007,0.0007
7/26/2007,-0.005
7/27/2007,0.0092
7/30/2007,0.0068
7/31/2007,0.0057
8/1/2007,-0.0094
8/2/2007,-0.0025
8/3/2007,-0.0046
8/6/2007,-0.0123
8/7/2007,0.0019
8/8/2007,0.0026
8/9/2007,-0.0045
8/10/2007,0.0005
8/13/2007,0.0032
8/14/2007,-0.002
8/15/2007,-0.0028
8/16/2007,-0.0338
8/17/2007,0.0157
8/20/2007,-0.0153
8/21/2007,-0.0039
8/22/2007,0.0055
8/23/2007,0.0073
8/24/2007,0.0078
8/27/2007,-0.0026
8/28/2007,-0.0027
8/29/2007,0.0055
8/30/2007,0.004
8/31/2007,0.0028
9/4/2007,0.0089
9/5/2007,-0.0007
9/6/2007,-0.0004
9/7/2007,0.0016
9/10/2007,0.0088
9/11/2007,0.0098
9/12/2007,0.0131
9/13/2007,-0.0043
9/14/2007,0.0034
9/17/2007,0.0129
9/18/2007,0.0033
9/19/2007,0.004
9/20/2007,0.0078
9/21/2007,0.0002
9/24/2007,0.0035
9/25/2007,-0.0063
9/26/2007,0.0039
9/27/2007,0.0131
9/28/2007,-0.0082
10/1/2007,-0.0009
10/2/2007,-0.009
10/3/2007,0.0006
10/4/2007,0.0035
10/5/2007,-0.0084
10/8/2007,-0.0205
10/9/2007,0.007
10/10/2007,0.0121
10/11/2007,0.0102
10/12/2007,-0.0016
10/15/2007,0.0115
10/16/2007,-0.0011
10/17/2007,-0.0015
10/18/2007,0.0091
10/19/2007,-0.006
10/22/2007,-0.0095
10/23/2007,-0.0041
10/24/2007,-0.0008
10/25/2007,0.0156
10/26/2007,0.0077
10/29/2007,0.0121
10/30/2007,-0.0129
10/31/2007,0.0172
11/1/2007,-0.0054
11/2/2007,0.0091
11/5/2007,-0.0104
11/6/2007,0.0145
11/7/2007,-0.0067
11/8/2007,-0.0006
11/9/2007,0.0053
11/12/2007,-0.0136
11/13/2007,-0.0099
11/14/2007,0.016
11/15/2007,-0.0148
11/16/2007,0.0076
11/19/2007,-0.0098
11/20/2007,0.0132
11/21/2007,-0.0027
11/23/2007,0.0131
11/26/2007,-0.0012
11/27/2007,-0.0149
11/28/2007,-0.0105
11/29/2007,-0.001
11/30/2007,-0.0109
12/3/2007,-0.0041
12/4/2007,0.0002
12/5/2007,-0.002
12/6/2007,0.0107
12/7/2007,0.0013
12/10/2007,-0.0006
12/11/2007,0.0074
12/12/2007,0.0208
12/13/2007,-0.0127
12/14/2007,-0.0017
12/17/2007,-0.003
12/18/2007,-0.0021
12/19/2007,0.0092
12/20/2007,-0.0032
12/21/2007,0.0123
12/24/2007,-0.0003
12/26/2007,0.0132
12/27/2007,0.001
12/28/2007,-0.0043
12/31/2007,0.0011
1/2/2008,0.025
1/3/2008,0.0071
1/4/2008,-0.0057
1/7/2008,-0.0113
1/8/2008,0.0165
1/9/2008,-0.004
1/10/2008,-0.005
1/11/2008,0.0059
1/14/2008,0.0119
1/15/2008,-0.0127
1/16/2008,-0.0126
1/17/2008,0.0003
1/18/2008,0.0025
1/22/2008,-0.0152
1/23/2008,-0.0224
1/24/2008,0.0232
1/25/2008,0.0125
1/28/2008,0.009
1/29/2008,0.009
1/30/2008,0.0003
1/31/2008,0.0061
2/1/2008,-0.0127
2/4/2008,0.0103
2/5/2008,-0.0094
2/6/2008,0.0037
2/7/2008,0.0113
2/8/2008,0.0218
2/11/2008,0.0041
2/12/2008,-0.009
2/13/2008,0.0001
2/14/2008,0.0191
2/15/2008,-0.0015
2/19/2008,0.0285
2/20/2008,0.0007
2/21/2008,0.0062
2/22/2008,0.005
2/25/2008,0.0062
2/26/2008,0.0131
2/27/2008,0.0045
2/28/2008,0.0177
2/29/2008,-0.0043
3/3/2008,0.0113
3/4/2008,-0.0188
3/5/2008,0.0245
3/6/2008,-0.0107
3/7/2008,-0.008
3/10/2008,0.0009
3/11/2008,0.0053
3/12/2008,0.0071
3/13/2008,0.005
3/14/2008,-0.0143
3/17/2008,-0.045
3/18/2008,0.0198
3/19/2008,-0.0419
3/20/2008,-0.0201
3/24/2008,0.0111
3/25/2008,0.019
3/26/2008,0.0154
3/27/2008,0.0072
3/28/2008,-0.0136
3/31/2008,-0.017
4/1/2008,-0.0101
4/2/2008,0.0178
4/3/2008,-0.0028
4/4/2008,0.0106
4/7/2008,0.0128
4/8/2008,-0.0071
4/9/2008,0.0249
4/10/2008,-0.0014
4/11/2008,-0.0069
4/14/2008,0.0063
4/15/2008,0.0105
4/16/2008,0.0106
4/17/2008,-0.0028
4/18/2008,-0.0004
4/21/2008,-0.0096
4/22/2008,0.0139
4/23/2008,-0.002
4/24/2008,-0.0149
4/25/2008,0.0064
4/28/2008,0.0048
4/29/2008,-0.0219
4/30/2008,-0.0034
5/1/2008,-0.0218
5/2/2008,0.0202
5/5/2008,0.0139
5/6/2008,0.0082
5/7/2008,0.0043
5/8/2008,0.0023
5/9/2008,0.011
5/12/2008,-0.0066
5/13/2008,0.0053
5/14/2008,-0.0059
5/15/2008,-0.0012
5/16/2008,0.0076
5/19/2008,-0.0084
5/20/2008,0.0122
5/21/2008,0.0152
5/22/2008,-0.0127
5/23/2008,0.0089
5/27/2008,-0.0126
5/28/2008,0.0035
5/29/2008,-0.03
5/30/2008,0.0139
6/2/2008,0.0081
6/3/2008,-0.0096
6/4/2008,-0.003
6/5/2008,0.0216
6/6/2008,0.0284
6/9/2008,-0.0118
6/10/2008,-0.0074
6/11/2008,0.0266
6/12/2008,0.0018
6/13/2008,0.0014
6/16/2008,0.0087
6/17/2008,0.0044
6/18/2008,0.0119
6/19/2008,-0.0171
6/20/2008,0.0105
6/23/2008,0.0003
6/24/2008,-0.0052
6/25/2008,-0.0048
6/26/2008,0.0255
6/27/2008,0.0016
6/30/2008,-0.0046
7/1/2008,0.0092
7/2/2008,0.0118
7/3/2008,-0.0007
7/7/2008,-0.0256
7/8/2008,-0.0277
7/9/2008,0.0017
7/10/2008,0.0188
7/11/2008,0.0049
7/14/2008,-0.0062
7/15/2008,-0.0236
7/16/2008,-0.009
7/17/2008,-0.0273
7/18/2008,-0.0124
7/21/2008,-0.0006
7/22/2008,-0.0162
7/23/2008,-0.0178
7/24/2008,-0.0085
7/25/2008,-0.0031
7/28/2008,0.0055
7/29/2008,-0.0083
7/30/2008,0.0137
7/31/2008,-0.0042
8/1/2008,-0.0037
8/4/2008,-0.0351
8/5/2008,-0.0082
8/6/2008,-0.0043
8/7/2008,0.0048
8/8/2008,-0.0325
8/11/2008,-0.0044
8/12/2008,-0.0054
8/13/2008,0.0275
8/14/2008,-0.01
8/15/2008,-0.0185
8/18/2008,0.0063
8/19/2008,0.0098
8/20/2008,0.0081
8/21/2008,0.035
8/22/2008,-0.0278
8/25/2008,-0.001
8/26/2008,0.0053
8/27/2008,0.005
8/28/2008,-0.0197
8/29/2008,-0.0052
9/2/2008,-0.0322
9/3/2008,-0.0061
9/4/2008,-0.0042
9/5/2008,-0.0182
9/8/2008,0.0008
9/9/2008,-0.0153
9/10/2008,-0.0095
9/11/2008,-0.0073
9/12/2008,0.0157
9/15/2008,-0.0186
9/16/2008,-0.0296
9/17/2008,0.0346
9/18/2008,-0.0077
9/19/2008,0.0205
9/22/2008,0.0361
9/23/2008,-0.013
9/24/2008,-0.0051
9/25/2008,0.0049
9/26/2008,-0.014
9/29/2008,-0.0523
9/30/2008,0.0014
10/1/2008,-0.0017
10/2/2008,-0.0454
10/3/2008,-0.0053
10/6/2008,-0.0513
10/7/2008,0.0082
10/8/2008,-0.0039
10/9/2008,0.0004
10/10/2008,-0.062
10/13/2008,0.0276
10/14/2008,-0.0084
10/15/2008,-0.043
10/16/2008,-0.0228
10/17/2008,0.0191
10/20/2008,0.0036
10/21/2008,-0.0143
10/22/2008,-0.0433
10/23/2008,-0.0083
10/24/2008,-0.026
10/27/2008,0.0115
10/28/2008,0.0032
10/29/2008,0.0581
10/30/2008,-0.0312
10/31/2008,0.0055
11/3/2008,-0.0049
11/4/2008,0.048
11/5/2008,-0.0317
11/6/2008,-0.0352
11/7/2008,-0.0068
11/10/2008,0.0224
11/11/2008,-0.0356
11/12/2008,-0.0225
11/13/2008,0.0036
11/14/2008,0.0046
11/17/2008,-0.009
11/18/2008,-0.0052
11/19/2008,-0.005
11/20/2008,-0.0352
11/21/2008,0.0021
11/24/2008,0.0504
11/25/2008,-0.0215
11/26/2008,0.0255
11/28/2008,-0.0106
12/1/2008,-0.0371
12/2/2008,-0.0157
12/3/2008,-0.0141
12/4/2008,-0.036
12/5/2008,-0.0406
12/8/2008,0.0344
12/9/2008,-0.0088
12/10/2008,0.0247
12/11/2008,0.0256
12/12/2008,-0.0146
12/15/2008,0
12/16/2008,0.0093
12/17/2008,0.0022
12/18/2008,-0.0145
12/19/2008,-0.0089
12/22/2008,-0.0045
12/23/2008,0.0061
12/24/2008,-0.0045
12/26/2008,0.0147
12/29/2008,0.0077
12/30/2008,0.0002
12/31/2008,0.0333
1/2/2009,0.0219
1/5/2009,0.0063
1/6/2009,0.0241
1/7/2009,-0.0367
1/8/2009,-0.0162
1/9/2009,0.0109
1/12/2009,-0.0418
1/13/2009,0.0012
1/14/2009,-0.0149
1/15/2009,-0.0033
1/16/2009,0.0128
1/20/2009,-0.0216
1/21/2009,0.0072
1/22/2009,-0.008
1/23/2009,0.0267
1/26/2009,0.009
1/27/2009,-0.0345
1/28/2009,0.0086
1/29/2009,-0.0037
1/30/2009,0.0007
2/2/2009,-0.0135
2/3/2009,0.0031
2/4/2009,0.0043
2/5/2009,0.0137
2/6/2009,0.0124
2/9/2009,-0.0029
2/10/2009,-0.02
2/11/2009,-0.0066
2/12/2009,-0.007
2/13/2009,-0.0082
2/17/2009,-0.0429
2/18/2009,-0.0094
2/19/2009,0.0147
2/20/2009,-0.0113
2/23/2009,-0.0029
2/24/2009,0.0131
2/25/2009,0.0132
2/26/2009,0.0132
2/27/2009,-0.0066
3/2/2009,-0.0376
3/3/2009,0.0126
3/4/2009,0.0342
3/5/2009,-0.0195
3/6/2009,0.0106
3/9/2009,-0.0095
3/10/2009,-0.0007
3/11/2009,-0.0198
3/12/2009,0.0334
3/13/2009,-0.0016
3/16/2009,0.0137
3/17/2009,0.0081
3/18/2009,-0.0167
3/19/2009,0.0566
3/20/2009,0.0029
3/23/2009,0.0124
3/24/2009,-0.0067
3/25/2009,-0.0089
3/26/2009,0.0043
3/27/2009,-0.0241
3/30/2009,-0.0275
3/31/2009,0.0245
4/1/2009,-0.01
4/2/2009,0.0332
4/3/2009,0.0123
4/6/2009,-0.0164
4/7/2009,-0.0099
4/8/2009,0.006
4/9/2009,0.0157
4/13/2009,0.0003
4/14/2009,0.0017
4/15/2009,0.0037
4/16/2009,-0.0044
4/17/2009,0.0027
4/20/2009,-0.0347
4/21/2009,0.0014
4/22/2009,0.002
4/23/2009,-0.0025
4/24/2009,0.0119
4/27/2009,-0.0219
4/28/2009,-0.0102
4/29/2009,0.0221
4/30/2009,0.0064
5/1/2009,0.0322
5/4/2009,0.0141
5/5/2009,-0.0041
5/6/2009,0.0279
5/7/2009,0.0072
5/8/2009,0.0125
5/11/2009,-0.004
5/12/2009,0.0072
5/13/2009,-0.0124
5/14/2009,0.0041
5/15/2009,-0.0208
5/18/2009,0.0183
5/19/2009,0.0001
5/20/2009,0.0121
5/21/2009,-0.015
5/22/2009,0.0097
5/26/2009,0.0057
5/27/2009,0.0009
5/28/2009,0.0137
5/29/2009,0.0148
6/1/2009,0.0338
6/2/2009,-0.0051
6/3/2009,-0.0334
6/4/2009,0.0306
6/5/2009,-0.0074
6/8/2009,-0.01
6/9/2009,0.0195
6/10/2009,0.0004
6/11/2009,0.022
6/12/2009,-0.017
6/15/2009,-0.0222
6/16/2009,-0.0027
6/17/2009,0.0061
6/18/2009,-0.0016
6/19/2009,-0.0121
6/22/2009,-0.0302
6/23/2009,0.0153
6/24/2009,0.0043
6/25/2009,0.0122
6/26/2009,-0.0074
6/29/2009,0.0073
6/30/2009,-0.0183
7/1/2009,0.0087
7/2/2009,-0.0209
7/6/2009,-0.0241
7/7/2009,-0.0157
7/8/2009,-0.0259
7/9/2009,0.0138
7/10/2009,-0.0071
7/13/2009,0.0008
7/14/2009,0.0134
7/15/2009,0.0163
7/16/2009,0.0074
7/17/2009,0.0163
7/20/2009,0.0111
7/21/2009,-0.0061
7/22/2009,0.0061
7/23/2009,0.0124
7/24/2009,0.0016
7/27/2009,0.0032
7/28/2009,-0.0097
7/29/2009,-0.0248
7/30/2009,0.0392
7/31/2009,0.0187
8/3/2009,0.0377
8/4/2009,0.004
8/5/2009,0.0087
8/6/2009,-0.019
8/7/2009,-0.0012
8/10/2009,-0.0035
8/11/2009,-0.0073
8/12/2009,0.0112
8/13/2009,0.0052
8/14/2009,-0.0264
8/17/2009,-0.0184
8/18/2009,0.0074
8/19/2009,0.0093
8/20/2009,-0.0102
8/21/2009,0.0129
8/24/2009,0.0091
8/25/2009,-0.0142
8/26/2009,-0.0032
8/27/2009,0.0016
8/28/2009,0.0088
8/31/2009,-0.0166
9/1/2009,-0.0178
9/2/2009,0.0009
9/3/2009,0.0001
9/4/2009,-0.0054
9/8/2009,0.0205
9/9/2009,-0.0007
9/10/2009,0.004
9/11/2009,-0.0165
9/14/2009,0.0025
9/15/2009,0.02
9/16/2009,0.0234
9/17/2009,-0.0046
9/18/2009,-0.0111
9/21/2009,-0.0181
9/22/2009,0.0172
9/23/2009,-0.0096
9/24/2009,-0.0195
9/25/2009,-0.0025
9/28/2009,0.0035
9/29/2009,0.0026
9/30/2009,0.0287
10/1/2009,-0.0175
10/2/2009,-0.0102
10/5/2009,0.011
10/6/2009,0.0156
10/7/2009,-0.0027
10/8/2009,0.026
10/9/2009,-0.0099
10/12/2009,0.0205
10/13/2009,-0.0032
10/14/2009,0.0051
10/15/2009,0.0094
10/16/2009,0.0075
10/19/2009,0.0167
10/20/2009,-0.0053
10/21/2009,0.0225
10/22/2009,-0.007
10/23/2009,-0.0045
10/26/2009,-0.0159
10/27/2009,-0.002
10/28/2009,-0.0236
10/29/2009,0.0234
10/30/2009,-0.0216
11/2/2009,0.0098
11/3/2009,0.0109
11/4/2009,0.0021
11/5/2009,-0.0086
11/6/2009,-0.0172
11/9/2009,0.0161
11/10/2009,-0.0065
11/11/2009,0.0056
11/12/2009,-0.0145
11/13/2009,0.0016
11/16/2009,0.0335
11/17/2009,0.0024
11/18/2009,-0.0022
11/19/2009,-0.0103
11/20/2009,0.0014
11/23/2009,0.0027
11/24/2009,-0.0097
11/25/2009,0.0245
11/27/2009,-0.014
11/30/2009,0.0086
12/1/2009,0.0079
12/2/2009,-0.0068
12/3/2009,-0.0038
12/4/2009,-0.0098
12/7/2009,-0.0003
12/8/2009,-0.0075
12/9/2009,-0.016
12/10/2009,0.0063
12/11/2009,0.0056
12/14/2009,0.0097
12/15/2009,0.002
12/16/2009,0.0149
12/17/2009,-0.0121
12/18/2009,0.0031
12/21/2009,-0.0041
12/22/2009,-0.0006
12/23/2009,0.0182
12/24/2009,0.0053
12/28/2009,0.0146
12/29/2009,-0.0029
12/30/2009,-0.0012
12/31/2009,-0.002
1/4/2010,0.0224
1/5/2010,-0.0013
1/6/2010,0.0205
1/7/2010,-0.0151
1/8/2010,-0.003
1/11/2010,-0.0028
1/12/2010,-0.02
1/13/2010,0.0059
1/14/2010,-0.0038
1/15/2010,-0.0098
1/19/2010,0.0029
1/20/2010,-0.0156
1/21/2010,-0.0051
1/22/2010,-0.0054
1/25/2010,0.0016
1/26/2010,-0.0111
1/27/2010,-0.02
1/28/2010,-0.0067
1/29/2010,-0.0077
2/1/2010,0.0125
2/2/2010,0.0179
2/3/2010,-0.0137
2/4/2010,-0.0216
2/5/2010,-0.0139
2/8/2010,0.0112
2/9/2010,0.0105
2/10/2010,0.0044
2/11/2010,0.0138
2/12/2010,-0.0052
2/16/2010,0.0254
2/17/2010,-0.003
2/18/2010,0.002
2/19/2010,0.0048
2/22/2010,-0.0035
2/23/2010,-0.0157
2/24/2010,0.0083
2/25/2010,-0.0128
2/26/2010,0.0167
3/1/2010,-0.0065
3/2/2010,0.0107
3/3/2010,0.0109
3/4/2010,-0.0141
3/5/2010,0.0055
3/8/2010,-0.0012
3/9/2010,-0.0044
3/10/2010,-0.0024
3/11/2010,-0.0069
3/12/2010,-0.0018
3/15/2010,-0.0082
3/16/2010,0.0117
3/17/2010,0.0098
3/18/2010,-0.0048
3/19/2010,-0.0088
3/22/2010,-0.0023
3/23/2010,-0.0021
3/24/2010,-0.0091
3/25/2010,-0.006
3/26/2010,-0.0008
3/29/2010,0.0183
3/30/2010,0.0046
3/31/2010,-0.0039
4/1/2010,0.0129
4/5/2010,0.0118
4/6/2010,-0.0025
4/7/2010,-0.0001
4/8/2010,-0.0084
4/9/2010,0.0059
4/12/2010,-0.0006
4/13/2010,0.005
4/14/2010,0.0092
4/15/2010,0.0014
4/16/2010,-0.0119
4/19/2010,-0.014
4/20/2010,0.0094
4/21/2010,0.0037
4/22/2010,0.0029
4/23/2010,0.005
4/26/2010,-0.0021
4/27/2010,-0.0177
4/28/2010,0.004
4/29/2010,-0.0029
4/30/2010,0.009
5/3/2010,0.0026
5/4/2010,-0.022
5/5/2010,-0.0144
5/6/2010,-0.0144
5/7/2010,0.0027
5/10/2010,0.0122
5/11/2010,0.0005
5/12/2010,0.0076
5/13/2010,-0.0025
5/14/2010,-0.0239
5/17/2010,-0.0214
5/18/2010,0.0053
5/19/2010,-0.0136
5/20/2010,-0.0085
5/21/2010,0.0028
5/24/2010,0.0061
5/25/2010,-0.0138
5/26/2010,0.0159
5/27/2010,0.0186
5/28/2010,-0.0102
6/1/2010,-0.0112
6/2/2010,-0.0001
6/3/2010,0.0056
6/4/2010,-0.021
6/7/2010,0.0023
6/8/2010,0.0043
6/9/2010,0.0066
6/10/2010,0.0044
6/11/2010,0.0071
6/14/2010,0.0168
6/15/2010,0.0128
6/16/2010,-0.0001
6/17/2010,0.0003
6/18/2010,-0.0028
6/21/2010,-0.0004
6/22/2010,-0.0045
6/23/2010,-0.0097
6/24/2010,0.0042
6/25/2010,0.0129
6/28/2010,-0.0089
6/29/2010,-0.0265
6/30/2010,0.0122
7/1/2010,-0.0083
7/2/2010,-0.0058
7/6/2010,-0.0001
7/7/2010,0.0152
7/8/2010,0.0039
7/9/2010,0.0047
7/12/2010,-0.0093
7/13/2010,0.0108
7/14/2010,0.0011
7/15/2010,0.013
7/16/2010,-0.0106
7/19/2010,-0.0041
7/20/2010,0.0038
7/21/2010,0.0033
7/22/2010,0.0184
7/23/2010,-0.003
7/26/2010,-0.001
7/27/2010,-0.0075
7/28/2010,0.0088
7/29/2010,0.0145
7/30/2010,0.0184
8/2/2010,0.01
8/3/2010,-0.002
8/4/2010,0.0124
8/5/2010,-0.0011
8/6/2010,-0.0112
8/9/2010,-0.0024
8/10/2010,-0.01
8/11/2010,-0.01
8/12/2010,0.0036
8/13/2010,-0.0002
8/16/2010,-0.0054
8/17/2010,0.0073
8/18/2010,-0.0006
8/19/2010,-0.006
8/20/2010,-0.0056
8/23/2010,-0.003
8/24/2010,-0.0126
8/25/2010,-0.0044
8/26/2010,0.0107
8/27/2010,0.011
8/30/2010,0.0044
8/31/2010,-0.0102
9/1/2010,0.0126
9/2/2010,0.0083
9/3/2010,0.0107
9/7/2010,0.0031
9/8/2010,0.0001
9/9/2010,-0.0027
9/10/2010,0.0042
9/13/2010,0.0091
9/14/2010,0.0081
9/15/2010,-0.0025
9/16/2010,-0.0012
9/17/2010,0.007
9/20/2010,-0.0015
9/21/2010,-0.0069
9/22/2010,0.0057
9/23/2010,0.0038
9/24/2010,0.0121
9/27/2010,-0.0029
9/28/2010,-0.001
9/29/2010,0.0037
9/30/2010,0.0007
10/1/2010,-0.0083
10/4/2010,-0.0048
10/5/2010,0.0181
10/6/2010,0.0032
10/7/2010,-0.0109
10/8/2010,0.0322
10/11/2010,0.0049
10/12/2010,0.0064
10/13/2010,0.0055
10/14/2010,0.0006
10/15/2010,-0.0085
10/18/2010,0.0037
10/19/2010,-0.0188
10/20/2010,0.0198
10/21/2010,-0.0125
10/22/2010,0.0025
10/25/2010,0.0099
10/26/2010,0.0056
10/27/2010,-0.0072
10/28/2010,0.0058
10/29/2010,0.0028
11/1/2010,0.0001
11/2/2010,0.0076
11/3/2010,-0.0016
11/4/2010,0.027
11/5/2010,0.0069
11/8/2010,0.0038
11/9/2010,0.0135
11/10/2010,-0.0108
11/11/2010,-0.0029
11/12/2010,-0.0386
11/15/2010,0.0072
11/16/2010,-0.0384
11/17/2010,-0.0002
11/18/2010,0.024
11/19/2010,-0.0099
11/22/2010,-0.0007
11/23/2010,0.0009
11/24/2010,0.0135
11/26/2010,-0.0051
11/29/2010,0.0026
11/30/2010,0.0001
12/1/2010,0.0272
12/2/2010,0.0073
12/3/2010,0.0131
12/6/2010,0.0026
12/7/2010,-0.0041
12/8/2010,0.0041
12/9/2010,-0.0023
12/10/2010,-0.0029
12/13/2010,0.0168
12/14/2010,-0.0034
12/15/2010,-0.0055
12/16/2010,-0.0071
12/17/2010,0.0109
12/20/2010,0.0115
12/21/2010,0.0056
12/22/2010,0.0052
12/23/2010,0.0013
12/27/2010,0.0011
12/28/2010,0.0096
12/29/2010,0.0004
12/30/2010,-0.006
12/31/2010,0.0169
1/3/2011,0.0003
1/4/2011,-0.015
1/5/2011,0.0045
1/6/2011,-0.0113
1/7/2011,-0.0066
1/10/2011,0.0054
1/11/2011,0.0105
1/12/2011,0.0139
1/13/2011,-0.0045
1/14/2011,-0.0013
1/18/2011,0.0025
1/19/2011,-0.0015
1/20/2011,-0.0053
1/21/2011,0.0059
1/24/2011,-0.0064
1/25/2011,-0.0171
1/26/2011,0.015
1/27/2011,-0.0064
1/28/2011,0.0115
1/31/2011,0.0168
2/1/2011,0.0036
2/2/2011,0.0046
2/3/2011,-0.0065
2/4/2011,-0.0017
2/7/2011,-0.0074
2/8/2011,0.0007
2/9/2011,0.0057
2/10/2011,-0.0033
2/11/2011,-0.0049
2/14/2011,0.0032
2/15/2011,-0.0082
2/16/2011,0.0005
2/17/2011,0.0082
2/18/2011,-0.0004
2/22/2011,-0.0068
2/23/2011,0.0099
2/24/2011,-0.0068
2/25/2011,0.0184
2/28/2011,0.0049
3/1/2011,0.0051
3/2/2011,0.0054
3/3/2011,0.0022
3/4/2011,0.0061
3/7/2011,-0.0049
3/8/2011,-0.0062
3/9/2011,-0.0041
3/10/2011,-0.0139
3/11/2011,-0.0064
3/14/2011,-0.0013
3/15/2011,-0.0341
3/16/2011,0.0013
3/17/2011,0.0323
3/18/2011,0.0118
3/21/2011,0.0044
3/22/2011,0.0077
3/23/2011,0.0047
3/24/2011,0.0045
3/25/2011,0.0023
3/28/2011,-0.0125
3/29/2011,-0.0004
3/30/2011,0.0002
3/31/2011,0.0179
4/1/2011,0.0027
4/4/2011,0.0049
4/5/2011,0.0023
4/6/2011,0.0011
4/7/2011,-0.0002
4/8/2011,0.0145
4/11/2011,-0.0059
4/12/2011,-0.0209
4/13/2011,0.0009
4/14/2011,0.0029
4/15/2011,0.0045
4/18/2011,-0.0049
4/19/2011,0.0058
4/20/2011,0.0112
4/21/2011,0.0087
4/25/2011,0.0017
4/26/2011,-0.0047
4/27/2011,-0.0035
4/28/2011,-0.0004
4/29/2011,0.0139
5/2/2011,-0.007
5/3/2011,-0.0115
5/4/2011,-0.0191
5/5/2011,-0.0467
5/6/2011,-0.0094
5/9/2011,0.0192
5/10/2011,0.0125
5/11/2011,-0.03
5/12/2011,0.0014
5/13/2011,-0.0002
5/16/2011,-0.0039
5/17/2011,-0.002
5/18/2011,0.025
5/19/2011,-0.0124
5/20/2011,0.0093
5/23/2011,-0.0098
5/24/2011,0.0046
5/25/2011,0.0144
5/26/2011,-0.002
5/27/2011,0.0114
5/31/2011,0.0072
6/1/2011,-0.0093
6/2/2011,0.0042
6/3/2011,0.0013
6/6/2011,-0.0072
6/7/2011,0.0034
6/8/2011,0.0059
6/9/2011,0.0031
6/10/2011,-0.0069
6/13/2011,-0.0116
6/14/2011,0.0035
6/15/2011,-0.0179
6/16/2011,-0.0089
6/17/2011,-0.0056
6/20/2011,-0.0005
6/21/2011,0.0075
6/22/2011,-0.0033
6/23/2011,-0.0226
6/24/2011,-0.0029
6/27/2011,-0.0054
6/28/2011,0.0165
6/29/2011,0.0115
6/30/2011,-0.0056
7/1/2011,-0.008
7/5/2011,0.0164
7/6/2011,-0.0044
7/7/2011,0.0149
7/8/2011,-0.0016
7/11/2011,-0.0052
7/12/2011,0.0123
7/13/2011,0.0166
7/14/2011,-0.0079
7/15/2011,0.0072
7/18/2011,-0.003
7/19/2011,0.006
7/20/2011,-0.003
7/21/2011,-0.0059
7/22/2011,0.0105
7/25/2011,-0.0041
7/26/2011,0.0075
7/27/2011,-0.0048
7/28/2011,-0.0059
7/29/2011,-0.0075
8/1/2011,-0.002
8/2/2011,0.0059
8/3/2011,-0.0101
8/4/2011,-0.0279
8/5/2011,-0.0073
8/8/2011,-0.0198
8/9/2011,-0.0015
8/10/2011,0.0127
8/11/2011,0.0162
8/12/2011,-0.0016
8/15/2011,0.0087
8/16/2011,-0.0001
8/17/2011,0.0083
8/18/2011,-0.0164
8/19/2011,0.0122
8/22/2011,0.0055
8/23/2011,0.0051
8/24/2011,-0.0144
8/25/2011,0.0057
8/26/2011,0.0117
8/29/2011,0.0017
8/30/2011,0.0125
8/31/2011,0.0061
9/1/2011,-0.0093
9/2/2011,-0.0024
9/6/2011,-0.0079
9/7/2011,0.0065
9/8/2011,0.0029
9/9/2011,-0.0132
9/12/2011,-0.0054
9/13/2011,0.0029
9/14/2011,-0.0032
9/15/2011,-0.0088
9/16/2011,-0.0051
9/19/2011,-0.0176
9/20/2011,0.0035
9/21/2011,-0.0081
9/22/2011,-0.0441
9/23/2011,-0.028
9/26/2011,0.0012
9/27/2011,0.0266
9/28/2011,-0.0261
9/29/2011,0.0051
9/30/2011,-0.0261
10/3/2011,0.0007
10/4/2011,-0.0139
10/5/2011,0.0148
10/6/2011,0.017
10/7/2011,-0.0069
10/10/2011,0.0177
10/11/2011,0.011
10/12/2011,0.0011
10/13/2011,-0.0034
10/14/2011,0.0182
10/17/2011,-0.0071
10/18/2011,-0.0018
10/19/2011,-0.0133
10/20/2011,-0.0103
10/21/2011,0.0105
10/24/2011,0.0197
10/25/2011,0.0062
10/26/2011,-0.01
10/27/2011,0.0246
10/28/2011,0.0001
10/31/2011,-0.0093
11/1/2011,-0.015
11/2/2011,0.0022
11/3/2011,0.0133
11/4/2011,-0.0002
11/7/2011,0.0013
11/8/2011,0.0069
11/9/2011,-0.0135
11/10/2011,-0.0036
11/11/2011,0.0053
11/14/2011,-0.007
11/15/2011,0.0071
11/16/2011,0.0017
11/17/2011,-0.0249
11/18/2011,-0.0039
11/21/2011,-0.0125
11/22/2011,0.0088
11/23/2011,-0.0132
11/25/2011,-0.0049
11/28/2011,0.0091
11/29/2011,0.0097
11/30/2011,0.0121
12/1/2011,-0.0018
12/2/2011,0.0027
12/5/2011,-0.0054
12/6/2011,0.0023
12/7/2011,-0.0085
12/8/2011,-0.0078
12/9/2011,-0.0035
12/12/2011,-0.0155
12/13/2011,0.0062
12/14/2011,-0.0361
12/15/2011,-0.002
12/16/2011,0.0054
12/19/2011,0.0019
12/20/2011,0.0168
12/21/2011,0.0058
12/22/2011,0.005
12/23/2011,0.0008
12/27/2011,0.0066
12/28/2011,-0.0101
12/29/2011,-0.0051
12/30/2011,0.005
1/3/2012,0.0247
1/4/2012,0.0023
1/5/2012,-0.0149
1/6/2012,0.0015
1/9/2012,0.0037
1/10/2012,0.0079
1/11/2012,-0.0072
1/12/2012,-0.0109
1/13/2012,-0.0078
1/17/2012,0.0069
1/18/2012,-0.0023
1/19/2012,0.0031
1/20/2012,-0.0024
1/23/2012,0.0162
1/24/2012,0.0032
1/25/2012,0.0112
1/26/2012,0.0045
1/27/2012,0.0025
1/30/2012,-0.0107
1/31/2012,-0.0062
2/1/2012,0.0011
2/2/2012,0.0009
2/3/2012,0.0075
2/6/2012,0.0021
2/7/2012,0.0014
2/8/2012,-0.0011
2/9/2012,0.0045
2/10/2012,-0.0113
2/13/2012,0.0027
2/14/2012,-0.0025
2/15/2012,-0.0015
2/16/2012,0.0035
2/17/2012,0.0038
2/21/2012,0.0135
2/22/2012,0.0039
2/23/2012,0.002
2/24/2012,0.0051
2/27/2012,-0.0021
2/28/2012,-0.0022
2/29/2012,-0.0046
3/1/2012,0.0035
3/2/2012,-0.0058
3/5/2012,-0.0089
3/6/2012,-0.0166
3/7/2012,-0.0018
3/8/2012,0.0036
3/9/2012,0.0082
3/12/2012,-0.0036
3/13/2012,0.0076
3/14/2012,-0.0093
3/15/2012,0.0065
3/16/2012,0.0044
3/19/2012,0.0017
3/20/2012,-0.0147
3/21/2012,0.0002
3/22/2012,-0.0098
3/23/2012,0.0078
3/26/2012,0.0029
3/27/2012,-0.0032
3/28/2012,-0.0123
3/29/2012,-0.0161
3/30/2012,0.014
4/2/2012,0.0131
4/3/2012,-0.0012
4/4/2012,-0.0191
4/5/2012,0.0057
4/9/2012,-0.0035
4/10/2012,-0.0126
4/11/2012,0.0017
4/12/2012,0.0124
4/13/2012,-0.0134
4/16/2012,-0.0087
4/17/2012,0.0016
4/18/2012,-0.0093
4/19/2012,0.0026
4/20/2012,0.0049
4/23/2012,-0.0021
4/24/2012,0.0017
4/25/2012,0.0048
4/26/2012,0.0055
4/27/2012,0.0077
4/30/2012,0.0047
5/1/2012,0.0017
5/2/2012,-0.0164
5/3/2012,-0.0059
5/4/2012,-0.009
5/7/2012,0.0013
5/8/2012,-0.0076
5/9/2012,-0.0027
5/10/2012,0.0008
5/11/2012,-0.0093
5/14/2012,-0.0121
5/15/2012,0.0057
5/16/2012,0.0033
5/17/2012,0.0054
5/18/2012,0.0071
5/21/2012,-0.0021
5/22/2012,-0.0094
5/23/2012,-0.0155
5/24/2012,0.0002
5/25/2012,0.0017
5/29/2012,-0.0112
5/30/2012,-0.013
5/31/2012,-0.0081
6/1/2012,-0.0122
6/4/2012,0.0058
6/5/2012,0.0009
6/6/2012,0.0138
6/7/2012,-0.0015
6/8/2012,-0.0034
6/11/2012,-0.0036
6/12/2012,-0.0011
6/13/2012,-0.0066
6/14/2012,0.0117
6/15/2012,-0.0003
6/18/2012,0.0104
6/19/2012,0.0102
6/20/2012,-0.0079
6/21/2012,-0.0197
6/22/2012,0.0034
6/25/2012,0.0179
6/26/2012,0.0052
6/27/2012,0.0057
6/28/2012,-0.0112
6/29/2012,0.0377
7/2/2012,0.0019
7/3/2012,0.0268
7/5/2012,0.0056
7/6/2012,-0.0229
7/9/2012,0.0201
7/10/2012,-0.0153
7/11/2012,0.0064
7/12/2012,0.003
7/13/2012,0.0111
7/16/2012,0.0098
7/17/2012,-0.0019
7/18/2012,0.0134
7/19/2012,0.0174
7/20/2012,0.0024
7/23/2012,-0.0172
7/24/2012,-0.0109
7/25/2012,0.0058
7/26/2012,-0.0036
7/27/2012,0.0074
7/30/2012,0.0149
7/31/2012,-0.01
8/1/2012,-0.0055
8/2/2012,-0.0184
8/3/2012,0.0155
8/6/2012,0.0006
8/7/2012,0.0045
8/8/2012,0.0024
8/9/2012,0.0052
8/10/2012,-0.0106
8/13/2012,-0.0108
8/14/2012,0.0013
8/15/2012,0.0031
8/16/2012,0.0031
8/17/2012,0.0028
8/20/2012,0.0068
8/21/2012,0.0121
8/22/2012,0.002
8/23/2012,-0.001
8/24/2012,-0.0042
8/27/2012,-0.0046
8/28/2012,-0.002
8/29/2012,0.0057
8/30/2012,-0.0013
8/31/2012,0.0068
9/4/2012,0.0037
9/5/2012,-0.0062
9/6/2012,0.0023
9/7/2012,0.0087
9/10/2012,0.0039
9/11/2012,0.0057
9/12/2012,0.0055
9/13/2012,0.0068
9/14/2012,0.01
9/17/2012,-0.0218
9/18/2012,-0.0086
9/19/2012,-0.0026
9/20/2012,-0.005
9/21/2012,0.0092
9/24/2012,-0.009
9/25/2012,0.0039
9/26/2012,-0.0091
9/27/2012,0.0094
9/28/2012,0.0108
10/1/2012,0.0052
10/2/2012,-0.0021
10/3/2012,-0.0115
10/4/2012,0.0105
10/5/2012,-0.0069
10/8/2012,-0.0052
10/9/2012,0.0054
10/10/2012,-0.0048
10/11/2012,0.0114
10/12/2012,-0.0125
10/15/2012,-0.0104
10/16/2012,0.0018
10/17/2012,0.0078
10/18/2012,0.0059
10/19/2012,-0.0086
10/22/2012,-0.0085
10/23/2012,-0.0066
10/24/2012,-0.0026
10/25/2012,-0.0019
10/26/2012,-0.0036
10/29/2012,-0.0034
10/30/2012,-0.002
10/31/2012,0.0037
11/1/2012,0.0024
11/2/2012,-0.019
11/5/2012,-0.001
11/6/2012,0.0159
11/7/2012,-0.0104
11/8/2012,0.004
11/9/2012,-0.0054
11/12/2012,-0.0025
11/13/2012,0.0037
11/14/2012,0.0039
11/15/2012,-0.0061
11/16/2012,0.0022
11/19/2012,0.0125
11/20/2012,-0.0001
11/21/2012,0.003
11/23/2012,0.0068
11/26/2012,-0.0053
11/27/2012,0.005
11/28/2012,-0.0057
11/29/2012,0.0025
11/30/2012,-0.0052
12/3/2012,0.004
12/4/2012,-0.0089
12/5/2012,0.0079
12/6/2012,-0.0053
12/7/2012,-0.0066
12/10/2012,-0.0024
12/11/2012,-0.0039
12/12/2012,0.002
12/13/2012,-0.009
12/14/2012,0.0065
12/17/2012,-0.0005
12/18/2012,-0.0009
12/19/2012,-0.0056
12/20/2012,-0.0046
12/21/2012,0.0026
12/24/2012,-0.0043
12/26/2012,0.0034
12/27/2012,-0.0001
12/28/2012,-0.0003
12/31/2012,-0.0001
1/2/2013,0.0045
1/3/2013,-0.0072
1/4/2013,-0.0068
1/7/2013,0.0017
1/8/2013,-0.0003
1/9/2013,-0.0044
1/10/2013,0.0083
1/11/2013,0.0007
1/14/2013,0.0077
1/15/2013,0.0022
1/16/2013,0.0007
1/17/2013,0.0059
1/18/2013,0.0045
1/22/2013,0.0029
1/23/2013,-0.0021
1/24/2013,-0.0038
1/25/2013,-0.0029
1/28/2013,-0.0008
1/29/2013,0.0032
1/30/2013,0.0141
1/31/2013,-0.004
2/1/2013,0.0035
2/4/2013,-0.0032
2/5/2013,0.003
2/6/2013,-0.0031
2/7/2013,-0.0087
2/8/2013,0.0002
2/11/2013,-0.0049
2/12/2013,-0.0018
2/13/2013,0.0017
2/14/2013,-0.0063
2/15/2013,-0.003
2/19/2013,0.0003
2/20/2013,-0.006
2/21/2013,-0.0114
2/22/2013,-0.001
2/25/2013,0.0031
2/26/2013,-0.0003
2/27/2013,-0.0036
2/28/2013,-0.0001
3/1/2013,-0.0059
3/4/2013,0.0013
3/5/2013,0.0041
3/6/2013,-0.0076
3/7/2013,0.0096
3/8/2013,0.0035
3/11/2013,0.0012
3/12/2013,0.0026
3/13/2013,-0.0034
3/14/2013,0.0069
3/15/2013,0.001
3/18/2013,-0.0061
3/19/2013,-0.001
3/20/2013,0.0055
3/21/2013,-0.001
3/22/2013,0
3/25/2013,-0.0016
3/26/2013,0.0052
3/27/2013,0.006
3/28/2013,-0.0133
4/1/2013,-0.0081
4/2/2013,-0.0061
4/3/2013,-0.0117
4/4/2013,-0.0021
4/5/2013,0.0033
4/8/2013,0.0031
4/9/2013,0.006
4/10/2013,-0.002
4/11/2013,0
4/12/2013,-0.0086
4/15/2013,-0.0293
4/16/2013,0.009
4/17/2013,-0.006
4/18/2013,0.0099
4/19/2013,-0.0007
4/22/2013,-0.0042
4/23/2013,-0.0067
4/24/2013,0.004
4/25/2013,0.0154
4/26/2013,-0.0053
4/29/2013,0.0187
4/30/2013,-0.0056
5/1/2013,-0.0172
5/2/2013,0.0021
5/3/2013,0.0116
5/6/2013,-0.0032
5/7/2013,-0.0051
5/8/2013,0.0069
5/9/2013,0.0034
5/10/2013,-0.0108
5/13/2013,0.0019
5/14/2013,-0.0021
5/15/2013,-0.0047
5/16/2013,-0.003
5/17/2013,0.0061
5/20/2013,0.0061
5/21/2013,-0.0008
5/22/2013,-0.0006
5/23/2013,0.0019
5/24/2013,-0.0044
5/28/2013,0.0034
5/29/2013,-0.0044
5/30/2013,-0.004
5/31/2013,-0.0052
6/3/2013,0.0091
6/4/2013,0.0024
6/5/2013,0.0003
6/6/2013,-0.0032
6/7/2013,-0.0034
6/10/2013,-0.0054
6/11/2013,-0.0049
6/12/2013,0.0013
6/13/2013,-0.0002
6/14/2013,0.0022
6/17/2013,0.003
6/18/2013,0.001
6/19/2013,0.0082
6/20/2013,-0.0296
6/21/2013,-0.0061
6/24/2013,-0.0067
6/25/2013,-0.0001
6/26/2013,-0.0053
6/27/2013,-0.0033
6/28/2013,-0.0069
7/1/2013,0.0074
7/2/2013,0.0046
7/3/2013,0.0066
7/5/2013,-0.01
7/8/2013,0.011
7/9/2013,0.0027
7/10/2013,0.0081
7/11/2013,0.0024
7/12/2013,-0.0012
7/15/2013,-0.0006
7/16/2013,0.0054
7/17/2013,-0.005
7/18/2013,0.0083
7/19/2013,0.0013
7/22/2013,0.0016
7/23/2013,-0.0014
7/24/2013,-0.0092
7/25/2013,-0.0055
7/26/2013,-0.0091
7/29/2013,-0.0035
7/30/2013,-0.0071
7/31/2013,0.0071
8/1/2013,0.0008
8/2/2013,-0.0046
8/5/2013,-0.0053
8/6/2013,-0.0059
8/7/2013,-0.0044
8/8/2013,0.0104
8/9/2013,0.0044
8/12/2013,0.0132
8/13/2013,-0.0014
8/14/2013,0.0074
8/15/2013,0.012
8/16/2013,0.0006
8/19/2013,0.0046
8/20/2013,-0.0055
8/21/2013,-0.0032
8/22/2013,-0.0006
8/23/2013,0.0092
8/26/2013,0.0097
8/27/2013,0.0062
8/28/2013,0.0008
8/29/2013,-0.0056
8/30/2013,-0.009
9/3/2013,0.0093
9/4/2013,-0.0103
9/5/2013,-0.004
9/6/2013,0.0077
9/9/2013,-0.0033
9/10/2013,-0.008
9/11/2013,0.001
9/12/2013,0.0037
9/13/2013,-0.0045
9/16/2013,-0.0033
9/17/2013,-0.0068
9/18/2013,0.0071
9/19/2013,0.0084
9/20/2013,-0.0131
9/23/2013,-0.0055
9/24/2013,-0.0057
9/25/2013,0.0047
9/26/2013,0.0029
9/27/2013,0.0016
9/30/2013,-0.007
10/1/2013,-0.0065
10/2/2013,0.0075
10/3/2013,-0.0025
10/4/2013,0.0028
10/7/2013,0.0066
10/8/2013,0.0032
10/9/2013,-0.0087
10/10/2013,0.006
10/11/2013,-0.003
10/14/2013,0.0042
10/15/2013,-0.0044
10/16/2013,0.0039
10/17/2013,-0.0005
10/18/2013,0.0039
10/21/2013,-0.0045
10/22/2013,0
10/23/2013,-0.0078
10/24/2013,0.0006
10/25/2013,0.0025
10/28/2013,-0.0048
10/29/2013,-0.0033
10/30/2013,0.0011
10/31/2013,-0.0111
11/1/2013,-0.0109
11/4/2013,-0.0054
11/5/2013,-0.0033
11/6/2013,0.0017
11/7/2013,-0.0025
11/8/2013,0.0046
11/11/2013,0.0022
11/12/2013,-0.0034
11/13/2013,-0.0023
11/14/2013,0.0032
11/15/2013,-0.0001
11/18/2013,-0.0065
11/19/2013,-0.0034
11/20/2013,0.0035
11/21/2013,0.0071
11/22/2013,0.0042
11/25/2013,0.0007
11/26/2013,-0.0005
11/27/2013,-0.0022
11/29/2013,0.0054
12/2/2013,-0.0026
12/3/2013,0.0026
12/4/2013,0.0068
12/5/2013,0.0014
12/6/2013,0.0012
12/9/2013,0.0048
12/10/2013,0.0043
12/11/2013,0.0043
12/12/2013,-0.0058
12/13/2013,-0.0017
12/16/2013,0.0018
12/17/2013,-0.0024
12/18/2013,-0.0001
12/19/2013,0.0056
12/20/2013,0.0067
12/23/2013,-0.002
12/24/2013,0.0012
12/26/2013,0
12/27/2013,0.001
12/30/2013,-0.0037
12/31/2013,-0.0109
1/2/2014,-0.0028
1/3/2014,-0.0039
1/6/2014,0.0012
1/7/2014,-0.0015
1/8/2014,-0.0095
1/9/2014,-0.0109
1/10/2014,0.0107
1/13/2014,0.0071
1/14/2014,0.0023
1/15/2014,0.0009
1/16/2014,0.0019
1/17/2014,0.0001
1/21/2014,-0.0017
1/22/2014,0.0066
1/23/2014,0.0016
1/24/2014,0.0082
1/27/2014,-0.0117
1/28/2014,0.0069
1/29/2014,0.0095
1/30/2014,-0.0099
1/31/2014,-0.0017
2/3/2014,0.0022
2/4/2014,0.0153
2/5/2014,-0.0021
2/6/2014,0.0001
2/7/2014,0.0031
2/10/2014,-0.0044
2/11/2014,0.0073
2/12/2014,0.0037
2/13/2014,0.0059
2/14/2014,0.0044
2/18/2014,0.0167
2/19/2014,0.0066
2/20/2014,-0.0027
2/21/2014,0.0025
2/24/2014,0.0015
2/25/2014,0.0005
2/26/2014,-0.0036
2/27/2014,-0.0011
2/28/2014,0.0049
3/3/2014,0.0102
3/4/2014,0.0047
3/5/2014,-0.0024
3/6/2014,0.0082
3/7/2014,-0.0045
3/10/2014,-0.0056
3/11/2014,-0.0015
3/12/2014,-0.0011
3/13/2014,-0.0033
3/14/2014,0.0023
3/17/2014,-0.0057
3/18/2014,0.0047
3/19/2014,0.001
3/20/2014,-0.012
3/21/2014,-0.0024
3/24/2014,0.001
3/25/2014,0.0044
3/26/2014,-0.0017
3/27/2014,0.0087
3/28/2014,0.0011
3/31/2014,-0.0016
4/1/2014,-0.0062
4/2/2014,-0.0022
4/3/2014,0.0066
4/4/2014,0.0035
4/7/2014,-0.001
4/8/2014,0.0106
4/9/2014,0.0032
4/10/2014,0.0037
4/11/2014,-0.0043
4/14/2014,0.0071
4/15/2014,-0.004
4/16/2014,0.0018
4/17/2014,0.0045
4/21/2014,-0.0056
4/22/2014,0.0035
4/23/2014,0.0016
4/24/2014,0.0039
4/25/2014,-0.0008
4/28/2014,-0.0017
4/29/2014,0.0062
4/30/2014,-0.0063
5/1/2014,-0.011
5/2/2014,0.0029
5/5/2014,0.0011
5/6/2014,0.0028
5/7/2014,-0.0045
5/8/2014,-0.0022
5/9/2014,-0.0038
5/12/2014,0.0021
5/13/2014,0.0018
5/14/2014,0.0022
5/15/2014,-0.006
5/16/2014,-0.0041
5/19/2014,0.0036
5/20/2014,-0.0009
5/21/2014,0.0003
5/22/2014,-0.0003
5/23/2014,0.0008
5/27/2014,-0.0068
5/28/2014,0
5/29/2014,-0.0004
5/30/2014,-0.0067
6/2/2014,0.0011
6/3/2014,-0.0029
6/4/2014,-0.0023
6/5/2014,0
6/6/2014,0.0032
6/9/2014,0.0006
6/10/2014,-0.0038
6/11/2014,-0.0034
6/12/2014,0.0108
6/13/2014,0.0037
6/16/2014,-0.0005
6/17/2014,-0.0004
6/18/2014,0.0015
6/19/2014,0.0104
6/20/2014,0.0021
6/23/2014,-0.003
6/24/2014,0.0014
6/25/2014,0.0021
6/26/2014,-0.0019
6/27/2014,-0.0035
6/30/2014,-0.0093
7/1/2014,-0.0029
7/2/2014,0.0004
7/3/2014,-0.0005
7/7/2014,-0.0116
7/8/2014,-0.0022
7/9/2014,-0.0062
7/10/2014,-0.0031
7/11/2014,-0.0073
7/14/2014,-0.0002
7/15/2014,-0.0053
7/16/2014,0.0022
7/17/2014,0.0016
7/18/2014,-0.0053
7/21/2014,0.0006
7/22/2014,-0.0043
7/23/2014,0.0027
7/24/2014,-0.0008
7/25/2014,0.002
7/28/2014,0.0003
7/29/2014,-0.0055
7/30/2014,-0.0014
7/31/2014,-0.0042
8/1/2014,-0.0065
8/4/2014,0.0065
8/5/2014,-0.0054
8/6/2014,0.0078
8/7/2014,-0.0038
8/8/2014,-0.0031
8/11/2014,0.0027
8/12/2014,-0.0063
8/13/2014,-0.0048
8/14/2014,-0.0049
8/15/2014,0.0005
8/18/2014,-0.0046
8/19/2014,-0.0012
8/20/2014,0.0023
8/21/2014,0.0018
8/22/2014,-0.0005
8/25/2014,-0.0001
8/26/2014,0.0039
8/27/2014,0.001
8/28/2014,0.0025
8/29/2014,0.002
9/2/2014,-0.0101
9/3/2014,-0.001
9/4/2014,-0.004
9/5/2014,0.0014
9/8/2014,-0.0049
9/9/2014,-0.0062
9/10/2014,-0.0068
9/11/2014,-0.0082
9/12/2014,-0.0027
9/15/2014,0.0005
9/16/2014,0.0074
9/17/2014,-0.0018
9/18/2014,-0.0128
9/19/2014,-0.0083
9/22/2014,-0.0072
9/23/2014,-0.0002
9/24/2014,0.0078
9/25/2014,-0.0037
9/26/2014,0.0009
9/29/2014,0.0104
9/30/2014,-0.0144
10/1/2014,-0.0011
10/2/2014,-0.0029
10/3/2014,-0.0017
10/6/2014,0.0133
10/7/2014,0.0023
10/8/2014,-0.0088
10/9/2014,0.0003
10/10/2014,-0.0053
10/13/2014,0.0071
10/14/2014,-0.0053
10/15/2014,-0.0119
10/16/2014,0.0047
10/17/2014,-0.0009
10/20/2014,-0.0071
10/21/2014,0.0074
10/22/2014,-0.0069
10/23/2014,0.005
10/24/2014,-0.0056
10/27/2014,0.0022
10/28/2014,0.008
10/29/2014,0.0112
10/30/2014,-0.0095
10/31/2014,-0.0018
11/3/2014,-0.0001
11/4/2014,-0.0105
11/5/2014,-0.0015
11/6/2014,0.0059
11/7/2014,0.0058
11/10/2014,-0.0097
11/11/2014,0.0088
11/12/2014,-0.002
11/13/2014,-0.0118
11/14/2014,0.0081
11/17/2014,0.0051
11/18/2014,-0.0059
11/19/2014,0.0027
11/20/2014,0.0069
11/21/2014,0.0017
11/24/2014,-0.0075
11/25/2014,0.004
11/26/2014,-0.0017
11/28/2014,-0.0387
12/1/2014,0.0164
12/2/2014,-0.0199
12/3/2014,-0.0031
12/4/2014,0.0003
12/5/2014,0
12/8/2014,-0.0136
12/9/2014,0.0119
12/10/2014,-0.01
12/11/2014,-0.0018
12/12/2014,0.0008
12/15/2014,-0.009
12/16/2014,-0.0138
12/17/2014,0.0055
12/18/2014,-0.003
12/19/2014,0.0013
12/22/2014,-0.0151
12/23/2014,0.0054
12/24/2014,-0.0133
12/26/2014,0.003
12/29/2014,-0.0035
12/30/2014,-0.0001
12/31/2014,-0.0167
1/2/2015,-0.0045
1/5/2015,0.0001
1/6/2015,0.002
1/7/2015,-0.0054
1/8/2015,0.0011
1/9/2015,-0.0001
1/12/2015,-0.0167
1/13/2015,-0.0059
1/14/2015,0.0105
1/15/2015,-0.0062
1/16/2015,0.0156
1/20/2015,-0.0175
1/21/2015,0.0103
1/22/2015,-0.0094
1/23/2015,-0.0045
1/26/2015,-0.0038
1/27/2015,0.0057
1/28/2015,-0.0106
1/29/2015,-0.0148
1/30/2015,0.021
2/2/2015,0.0048
2/3/2015,0.0266
2/4/2015,-0.0231
2/5/2015,0.0086
2/6/2015,0.0016
2/9/2015,0.0089
2/10/2015,-0.0139
2/11/2015,-0.0049
2/12/2015,0.0136
2/13/2015,0.0142
2/17/2015,-0.0047
2/18/2015,-0.0074
2/19/2015,0.0001
2/20/2015,-0.0048
2/23/2015,-0.0097
2/24/2015,0.0023
2/25/2015,0.008
2/26/2015,-0.0067
2/27/2015,0.0131
3/2/2015,-0.015
3/3/2015,0.0021
3/4/2015,-0.0004
3/5/2015,-0.0035
3/6/2015,-0.0091
3/9/2015,-0.0042
3/10/2015,-0.012
3/11/2015,0.0024
3/12/2015,-0.0039
3/13/2015,-0.0143
3/16/2015,-0.0025
3/17/2015,-0.0038
3/18/2015,0.0126
3/19/2015,-0.002
3/20/2015,0.0159
3/23/2015,0.0059
3/24/2015,-0.0012
3/25/2015,0.003
3/26/2015,0.0074
3/27/2015,-0.0166
3/30/2015,-0.0008
3/31/2015,-0.0117
4/1/2015,0.0181
4/2/2015,-0.0021
4/6/2015,0.0127
4/7/2015,0.0043
4/8/2015,-0.0213
4/9/2015,-0.0043
4/10/2015,0.0068
4/13/2015,-0.0041
4/14/2015,0.0062
4/15/2015,0.0178
4/16/2015,0.0085
4/17/2015,-0.0048
4/20/2015,-0.0064
4/21/2015,-0.0042
4/22/2015,-0.001
4/23/2015,0.0097
4/24/2015,-0.0002
4/27/2015,0.0017
4/28/2015,0.0029
4/29/2015,0.0098
4/30/2015,0.0066
5/1/2015,-0.0034
5/4/2015,0.0029
5/5/2015,0.01
5/6/2015,-0.0016
5/7/2015,-0.0139
5/8/2015,0.0097
5/11/2015,-0.0068
5/12/2015,0.0121
5/13/2015,0.0032
5/14/2015,0.0049
5/15/2015,-0.0014
5/18/2015,-0.0024
5/19/2015,-0.0217
5/20/2015,0.0013
5/21/2015,0.0078
5/22/2015,-0.012
5/26/2015,-0.0169
5/27/2015,-0.0076
5/28/2015,0.0015
5/29/2015,0.0079
6/1/2015,0.0011
6/2/2015,0.01
6/3/2015,-0.0105
6/4/2015,-0.0093
6/5/2015,0.0019
6/8/2015,0.0036
6/9/2015,0.0156
6/10/2015,0.0053
6/11/2015,-0.0119
6/12/2015,-0.009
6/15/2015,-0.0031
6/16/2015,0.0025
6/17/2015,0
6/18/2015,0.0008
6/19/2015,-0.0076
6/22/2015,0.0021
6/23/2015,0.0068
6/24/2015,-0.0025
6/25/2015,0.0043
6/26/2015,0.0023
6/29/2015,-0.0039
6/30/2015,0.0194
7/1/2015,-0.0106
7/2/2015,0.0026
7/6/2015,-0.0271
7/7/2015,-0.0152
7/8/2015,0.0025
7/9/2015,0.0122
7/10/2015,0.003
7/13/2015,0.0025
7/14/2015,-0.0017
7/15/2015,-0.0093
7/16/2015,-0.0041
7/17/2015,-0.0052
7/20/2015,-0.014
7/21/2015,0.0016
7/22/2015,-0.0108
7/23/2015,-0.0098
7/24/2015,-0.0117
7/27/2015,-0.0122
7/28/2015,0.0081
7/29/2015,0.0016
7/30/2015,-0.0045
7/31/2015,-0.0091
8/3/2015,-0.0147
8/4/2015,0.0075
8/5/2015,-0.0032
8/6/2015,-0.0032
8/7/2015,-0.0006
8/10/2015,0.0237
8/11/2015,-0.0162
8/12/2015,-0.0031
8/13/2015,-0.0042
8/14/2015,-0.0011
8/17/2015,-0.006
8/18/2015,-0.0058
8/19/2015,-0.0086
8/20/2015,0.0079
8/21/2015,-0.016
8/24/2015,-0.0222
8/25/2015,0.0049
8/26/2015,-0.0132
8/27/2015,0.0303
8/28/2015,0.0187
8/31/2015,0.0176
9/1/2015,-0.0241
9/2/2015,0.0021
9/3/2015,0.0055
9/4/2015,-0.0104
9/8/2015,0.0097
9/9/2015,-0.0126
9/10/2015,0.0105
9/11/2015,-0.0025
9/14/2015,-0.004
9/15/2015,0
9/16/2015,0.01
9/17/2015,-0.0048
9/18/2015,-0.0146
9/21/2015,0.0095
9/22/2015,-0.0101
9/23/2015,-0.0055
9/24/2015,0.0079
9/25/2015,0.0071
9/28/2015,-0.0131
9/29/2015,0.0026
9/30/2015,0.003
10/1/2015,-0.0079
10/2/2015,0.0087
10/5/2015,0.0103
10/6/2015,0.0165
10/7/2015,-0.0018
10/8/2015,0.0026
10/9/2015,0.0073
10/12/2015,-0.0105
10/13/2015,-0.0008
10/14/2015,0.0017
10/15/2015,-0.0033
10/16/2015,-0.0006
10/19/2015,-0.0141
10/20/2015,0.0035
10/21/2015,-0.0073
10/22/2015,-0.0001
10/23/2015,-0.0083
10/26/2015,-0.0055
10/27/2015,-0.0039
10/28/2015,0.0118
10/29/2015,-0.0088
10/30/2015,0.0065
11/2/2015,-0.0064
11/3/2015,0.0095
11/4/2015,-0.0134
11/5/2015,-0.008
11/6/2015,-0.0069
11/9/2015,-0.0117
11/10/2015,-0.0023
11/11/2015,-0.0051
11/12/2015,-0.009
11/13/2015,-0.0053
11/16/2015,0.0003
11/17/2015,-0.0087
11/18/2015,-0.0021
11/19/2015,0.0021
11/20/2015,-0.0039
11/23/2015,0.0009
11/24/2015,0.0079
11/25/2015,0.0015
11/27/2015,-0.0142
11/30/2015,-0.0002
12/1/2015,0.0083
12/2/2015,-0.0169
12/3/2015,0.0115
12/4/2015,0.005
12/7/2015,-0.0269
12/8/2015,-0.0042
12/9/2015,0.001
12/10/2015,-0.0012
12/11/2015,-0.0092
12/14/2015,-0.0059
12/15/2015,-0.0049
12/16/2015,-0.0064
12/17/2015,-0.0062
12/18/2015,0.0111
12/21/2015,0.0032
12/22/2015,-0.0068
12/23/2015,0.0121
12/24/2015,0.0049
12/28/2015,-0.0077
12/29/2015,0.0149
12/30/2015,-0.0121
12/31/2015,0.006
1/4/2016,-0.0083
1/5/2016,-0.0031
1/6/2016,-0.0132
1/7/2016,0.0005
1/8/2016,0.0006
1/11/2016,-0.0209
1/12/2016,-0.0092
1/13/2016,0.0026
1/14/2016,-0.0009
1/15/2016,-0.0144
1/19/2016,0.0017
1/20/2016,-0.01
1/21/2016,0.0126
1/22/2016,0.0196
1/25/2016,-0.0098
1/26/2016,0.0135
1/27/2016,0.0082
1/28/2016,-0.0002
1/29/2016,0.0147
2/1/2016,-0.0165
2/2/2016,-0.0145
2/3/2016,0.019
2/4/2016,-0.0017
2/5/2016,-0.0072
2/8/2016,-0.0012
2/9/2016,-0.0199
2/10/2016,-0.0012
2/11/2016,0.0006
2/12/2016,0.02
2/16/2016,-0.0096
2/17/2016,0.0176
2/18/2016,-0.0037
2/19/2016,-0.0084
2/22/2016,0.0115
2/23/2016,-0.0105
2/24/2016,0.008
2/25/2016,-0.0004
2/26/2016,-0.0037
2/29/2016,0.0064
3/1/2016,0.0018
3/2/2016,0.0049
3/3/2016,0.0053
3/4/2016,0.0197
3/7/2016,0.0117
3/8/2016,-0.011
3/9/2016,0.013
3/10/2016,-0.0008
3/11/2016,0.0071
3/14/2016,-0.0065
3/15/2016,-0.0077
3/16/2016,0.0099
3/17/2016,0.0212
3/18/2016,-0.0066
3/21/2016,0.0004
3/22/2016,0.0055
3/23/2016,-0.0204
3/24/2016,-0.0041
3/28/2016,0.0029
3/29/2016,-0.0022
3/30/2016,-0.0048
3/31/2016,-0.0013
4/1/2016,-0.0112
4/4/2016,-0.0098
4/5/2016,-0.0027
4/6/2016,0.0088
4/7/2016,-0.0025
4/8/2016,0.0204
4/11/2016,0.0032
4/12/2016,0.0203
4/13/2016,0.0044
4/14/2016,-0.0074
4/15/2016,-0.0031
4/18/2016,0.0036
4/19/2016,0.0245
4/20/2016,0.0184
4/21/2016,-0.007
4/22/2016,-0.0064
4/25/2016,-0.0021
4/26/2016,0.0116
4/27/2016,0.0056
4/28/2016,0.0063
4/29/2016,0.008
5/2/2016,-0.0094
5/3/2016,-0.0135
5/4/2016,-0.0027
5/5/2016,-0.0078
5/6/2016,0.0083
5/9/2016,-0.0196
5/10/2016,0.0196
5/11/2016,0.0162
5/12/2016,0.0004
5/13/2016,-0.0034
5/16/2016,0.008
5/17/2016,0.0068
5/18/2016,-0.0037
5/19/2016,-0.0084
5/20/2016,0.0022
5/23/2016,-0.0058
5/24/2016,-0.0024
5/25/2016,0.0121
5/26/2016,0.0019
5/27/2016,0.0013
5/31/2016,-0.0015
6/1/2016,0.0067
6/2/2016,0.0093
6/3/2016,0.005
6/6/2016,0.0112
6/7/2016,0.002
6/8/2016,0.0187
6/9/2016,-0.0007
6/10/2016,-0.0104
6/13/2016,0.0016
6/14/2016,-0.0035
6/15/2016,-0.0034
6/16/2016,-0.014
6/17/2016,0.0171
6/20/2016,0.0083
6/21/2016,-0.0097
6/22/2016,-0.0064
6/23/2016,0.0037
6/24/2016,-0.0157
6/27/2016,-0.0034
6/28/2016,0.019
6/29/2016,0.0113
6/30/2016,-0.0051
7/1/2016,0.0094
7/5/2016,-0.0251
7/6/2016,0.0011
7/7/2016,-0.0228
7/8/2016,0.0102
7/11/2016,-0.0037
7/12/2016,0.0164
7/13/2016,-0.0059
7/14/2016,0.0016
7/15/2016,-0.0048
7/18/2016,-0.002
7/19/2016,-0.009
7/20/2016,-0.0069
7/21/2016,-0.0024
7/22/2016,-0.0037
7/25/2016,-0.0084
7/26/2016,-0.0024
7/27/2016,-0.0071
7/28/2016,0.0033
7/29/2016,0.0106
8/1/2016,-0.0164
8/2/2016,-0.002
8/3/2016,0.0099
8/4/2016,0.0043
8/5/2016,-0.0006
8/8/2016,0.0055
8/9/2016,-0.0067
8/10/2016,-0.0062
8/11/2016,0.009
8/12/2016,0.001
8/15/2016,0.0141
8/16/2016,0.0057
8/17/2016,0.0017
8/18/2016,0.0101
8/19/2016,-0.0058
8/22/2016,-0.0066
8/23/2016,0.0047
8/24/2016,-0.0117
8/25/2016,-0.0002
8/26/2016,-0.0008
8/29/2016,-0.0062
8/30/2016,-0.0095
8/31/2016,-0.0105
9/1/2016,-0.0081
9/2/2016,0.0108
9/6/2016,0.0048
9/7/2016,0.0065
9/8/2016,0.0145
9/9/2016,-0.0132
9/12/2016,0.0007
9/13/2016,-0.0127
9/14/2016,-0.0042
9/15/2016,0.005
9/16/2016,0.0018
9/19/2016,0.0045
9/20/2016,0.0081
9/21/2016,0.0074
9/22/2016,0.0071
9/23/2016,-0.0139
9/26/2016,0.0064
9/27/2016,-0.0085
9/28/2016,0.0119
9/29/2016,0.001
9/30/2016,0.0014
10/3/2016,0.0031
10/4/2016,-0.0053
10/5/2016,0.0066
10/6/2016,-0.0024
10/7/2016,0.0015
10/10/2016,0.013
10/11/2016,-0.0067
10/12/2016,-0.0061
10/13/2016,0.0074
10/14/2016,0.0007
10/17/2016,0.0005
10/18/2016,0.0019
10/19/2016,0.0039
10/20/2016,-0.01
10/21/2016,0.001
10/24/2016,0.0005
10/25/2016,-0.0016
10/26/2016,-0.0055
10/27/2016,0.0079
10/28/2016,-0.0035
10/31/2016,-0.0118
11/1/2016,-0.0046
11/2/2016,-0.0074
11/3/2016,-0.0034
11/4/2016,-0.0037
11/7/2016,0.0063
11/8/2016,-0.0005
11/9/2016,0.0015
11/10/2016,-0.0008
11/11/2016,-0.0175
11/14/2016,-0.0004
11/15/2016,0.0114
11/16/2016,-0.0062
11/17/2016,-0.0005
11/18/2016,0.0036
11/21/2016,0.0224
11/22/2016,0.003
11/23/2016,0.0026
11/25/2016,-0.0038
11/28/2016,0.0122
11/29/2016,-0.0208
11/30/2016,0.0205
12/1/2016,0.0107
12/2/2016,0.0014
12/5/2016,0.015
12/6/2016,-0.0036
12/7/2016,-0.0063
12/8/2016,0.0011
12/9/2016,0.0066
12/12/2016,0.0004
12/13/2016,-0.0029
12/14/2016,-0.0034
12/15/2016,-0.009
12/16/2016,0.0034
12/19/2016,-0.0065
12/20/2016,-0.0048
12/21/2016,0.0029
12/22/2016,-0.0008
12/23/2016,-0.0005
12/27/2016,0.0152
12/28/2016,0.0018
12/29/2016,-0.001
12/30/2016,-0.0017
1/3/2017,-0.0165
1/4/2017,0.0128
1/5/2017,0.0041
1/6/2017,-0.0019
1/9/2017,-0.0117
1/10/2017,0.0059
1/11/2017,0.0041
1/12/2017,0.0146
1/13/2017,0.0007
1/17/2017,0.0046
1/18/2017,-0.0064
1/19/2017,-0.0026
1/20/2017,0.0025
1/23/2017,0.0025
1/24/2017,0.0017
1/25/2017,-0.0043
1/26/2017,-0.0011
1/27/2017,-0.0033
1/30/2017,-0.0108
1/31/2017,0.0065
2/1/2017,0.0108
2/2/2017,-0.0016
2/3/2017,-0.0052
2/6/2017,-0.0013
2/7/2017,0.0004
2/8/2017,0.0063
2/9/2017,0.0012
2/10/2017,0.0094
2/13/2017,-0.0081
2/14/2017,-0.0001
2/15/2017,0.0044
2/16/2017,-0.006
2/17/2017,-0.0042
2/21/2017,-0.0028
2/22/2017,-0.0036
2/23/2017,-0.0021
2/24/2017,0.0013
2/27/2017,-0.0044
2/28/2017,0.0073
3/1/2017,0.0067
3/2/2017,-0.0151
3/3/2017,0.0023
3/6/2017,-0.0009
3/7/2017,-0.0087
3/8/2017,-0.0123
3/9/2017,-0.0083
3/10/2017,-0.0037
3/13/2017,0.0012
3/14/2017,-0.0055
3/15/2017,0.0073
3/16/2017,0.0043
3/17/2017,0.0032
3/20/2017,-0.0004
3/21/2017,-0.0022
3/22/2017,-0.0031
3/23/2017,-0.0008
3/24/2017,-0.0008
3/27/2017,-0.0023
3/28/2017,0.0068
3/29/2017,0.0058
3/30/2017,-0.0006
3/31/2017,0
4/3/2017,-0.0072
4/4/2017,0.0065
4/5/2017,0.0039
4/6/2017,0.0015
4/7/2017,0.001
4/10/2017,0.0008
4/11/2017,0.0011
4/12/2017,-0.0014
4/13/2017,0.0049
4/17/2017,-0.0029
4/18/2017,-0.0081
4/19/2017,-0.0084
4/20/2017,-0.0022
4/21/2017,-0.0064
4/24/2017,-0.0022
4/25/2017,0.0037
4/26/2017,-0.0016
4/27/2017,-0.0033
4/28/2017,0.0047
5/1/2017,0.0023
5/2/2017,-0.0042
5/3/2017,-0.0014
5/4/2017,-0.0182
5/5/2017,0.0057
5/8/2017,-0.0049
5/9/2017,-0.0029
5/10/2017,0.0089
5/11/2017,0.0044
5/12/2017,0.0043
5/15/2017,0.0011
5/16/2017,-0.001
5/17/2017,0.0057
5/18/2017,-0.0066
5/19/2017,0.0155
5/22/2017,0.0064
5/23/2017,-0.0065
5/24/2017,-0.0028
5/25/2017,-0.009
5/26/2017,0.0036
5/30/2017,-0.0095
5/31/2017,-0.0045
6/1/2017,-0.0044
6/2/2017,-0.0017
6/5/2017,-0.004
6/6/2017,0.0058
6/7/2017,-0.0063
6/8/2017,0.0026
6/9/2017,0.003
6/12/2017,-0.0101
6/13/2017,0.0003
6/14/2017,-0.0089
6/15/2017,0.0003
6/16/2017,0.0044
6/19/2017,-0.0068
6/20/2017,-0.0073
6/21/2017,-0.0062
6/22/2017,-0.0034
6/23/2017,0.0035
6/26/2017,0.0029
6/27/2017,0.0069
6/28/2017,0.0052
6/29/2017,0.0061
6/30/2017,0.0156
7/3/2017,0.0061
7/5/2017,-0.0095
7/6/2017,0.0012
7/7/2017,-0.0074
7/10/2017,0.0068
7/11/2017,0.008
7/12/2017,-0.0044
7/13/2017,-0.0088
7/14/2017,0.0096
7/17/2017,-0.0002
7/18/2017,0.0055
7/19/2017,0.0058
7/20/2017,0.0007
7/21/2017,-0.0084
7/24/2017,-0.0041
7/25/2017,0.0056
7/26/2017,0.0069
7/27/2017,0.0065
7/28/2017,0.003
7/31/2017,-0.001
8/1/2017,-0.0102
8/2/2017,0.0047
8/3/2017,-0.0071
8/4/2017,-0.0007
8/7/2017,0.0053
8/8/2017,0.0027
8/9/2017,0.0056
8/10/2017,-0.0104
8/11/2017,0.0019
8/14/2017,-0.007
8/15/2017,-0.0071
8/16/2017,0.0008
8/17/2017,0.0012
8/18/2017,0.0067
8/21/2017,-0.0023
8/22/2017,-0.0006
8/23/2017,0.0035
8/24/2017,0.0029
8/25/2017,-0.0026
8/28/2017,0.0016
8/29/2017,0.001
8/30/2017,-0.0051
8/31/2017,0.0191
9/1/2017,0.0038
9/5/2017,0.0046
9/6/2017,0.0042
9/7/2017,-0.0007
9/8/2017,-0.0105
9/11/2017,0.0015
9/12/2017,-0.0011
9/13/2017,0.002
9/14/2017,0.0016
9/15/2017,0.0012
9/18/2017,-0.0013
9/19/2017,-0.0028
9/20/2017,0.0088
9/21/2017,-0.0095
9/22/2017,0.0009
9/25/2017,0.0055
9/26/2017,-0.0064
9/27/2017,0.0006
9/28/2017,-0.0024
9/29/2017,-0.0021
10/2/2017,-0.0089
10/3/2017,0.0004
10/4/2017,0.0026
10/5/2017,0.0075
10/6/2017,-0.0078
10/9/2017,0.0017
10/10/2017,0.009
10/11/2017,-0.0006
10/12/2017,0.0042
10/13/2017,0.009
10/16/2017,0.0012
10/17/2017,-0.0059
10/18/2017,-0.0021
10/19/2017,0.001
10/20/2017,-0.0015
10/23/2017,0.004
10/24/2017,0.005
10/25/2017,-0.0017
10/26/2017,0.0003
10/27/2017,-0.0006
10/30/2017,0.0033
10/31/2017,0.0005
11/1/2017,0.0041
11/2/2017,0.0018
11/3/2017,0.0021
11/6/2017,0.0147
11/7/2017,-0.007
11/8/2017,0.0012
11/9/2017,-0.0021
11/10/2017,-0.002
11/13/2017,-0.0009
11/14/2017,-0.012
11/15/2017,-0.0019
11/16/2017,-0.0039
11/17/2017,0.0129
11/20/2017,-0.0066
11/21/2017,0.0033
11/22/2017,0.0066
11/24/2017,-0.0005
11/27/2017,-0.0011
11/28/2017,-0.0021
11/29/2017,-0.0033
11/30/2017,-0.0085
12/1/2017,0.0091
12/4/2017,-0.0085
12/5/2017,-0.0083
12/6/2017,-0.0108
12/7/2017,-0.0036
12/8/2017,0.0025
12/11/2017,0.0025
12/12/2017,-0.0094
12/13/2017,0.0005
12/14/2017,0.0044
12/15/2017,0.0026
12/18/2017,0.005
12/19/2017,0.0014
12/20/2017,0.0055
12/21/2017,0.0026
12/22/2017,0.0055
12/26/2017,0.0115
12/27/2017,0.004
12/28/2017,0.0071
12/29/2017,0.0054
1/2/2018,0.0028
1/3/2018,0.0022
1/4/2018,-0.0004
1/5/2018,-0.0074
1/8/2018,-0.0025
1/9/2018,0.0046
1/10/2018,0.0016
1/11/2018,0.0008
1/12/2018,0.0051
1/16/2018,-0.0034
1/17/2018,0.0039
1/18/2018,-0.0011
1/19/2018,-0.0017
1/22/2018,0.003
1/23/2018,0.0039
1/24/2018,0.0147
1/25/2018,-0.0001
1/26/2018,0.0038
1/29/2018,-0.0019
1/30/2018,-0.0038
1/31/2018,-0.0053
2/1/2018,0.0007
2/2/2018,-0.0083
2/5/2018,-0.0068
2/6/2018,-0.0039
2/7/2018,-0.0116
2/8/2018,-0.0016
2/9/2018,-0.0157
2/12/2018,0.008
2/13/2018,0.0054
2/14/2018,0.0139
2/15/2018,0.0028
2/16/2018,-0.0004
2/20/2018,-0.0023
2/21/2018,0.0031
2/22/2018,0.0045
2/23/2018,0.0003
2/26/2018,0.0039
2/27/2018,-0.005
2/28/2018,-0.0051
3/1/2018,0.0007
3/2/2018,-0.0006
3/5/2018,0.0063
3/6/2018,0.0034
3/7/2018,-0.0109
3/8/2018,-0.0051
3/9/2018,0.0042
3/12/2018,-0.0033
3/13/2018,0.0024
3/14/2018,-0.0023
3/15/2018,-0.0041
3/16/2018,0.0005
3/19/2018,-0.0096
3/20/2018,0.0023
3/21/2018,0.0079
3/22/2018,-0.0035
3/23/2018,0.0039
3/26/2018,-0.0022
3/27/2018,0.0001
3/28/2018,-0.0057
3/29/2018,0.0082
4/2/2018,-0.0073
4/3/2018,0.002
4/4/2018,-0.0044
4/5/2018,0.0064
4/6/2018,-0.0027
4/9/2018,0.0124
4/10/2018,0.0089
4/11/2018,0.0051
4/12/2018,-0.0017
4/13/2018,0.002
4/16/2018,-0.0027
4/17/2018,-0.0002
4/18/2018,0.0162
4/19/2018,-0.0054
4/20/2018,-0.0013
4/23/2018,-0.0073
4/24/2018,-0.0013
4/25/2018,0.0019
4/26/2018,0.0017
4/27/2018,-0.0002
4/30/2018,0.0024
5/1/2018,-0.0025
5/2/2018,0.0014
5/3/2018,0.002
5/4/2018,0.0035
5/7/2018,-0.0019
5/8/2018,-0.0027
5/9/2018,0.0058
5/10/2018,0.005
5/11/2018,-0.0057
5/14/2018,0.0037
5/15/2018,-0.0027
5/16/2018,0.0006
5/17/2018,0.0014
5/18/2018,0.0012
5/21/2018,0.0062
5/22/2018,0.0049
5/23/2018,0.0017
5/24/2018,-0.0007
5/25/2018,-0.0065
5/29/2018,-0.0071
5/30/2018,0.0049
5/31/2018,-0.0001
6/1/2018,-0.0029
6/4/2018,-0.0113
6/5/2018,0.003
6/6/2018,0.0008
6/7/2018,0.0031
6/8/2018,-0.0008
6/11/2018,-0.0037
6/12/2018,0.0028
6/13/2018,0.0008
6/14/2018,-0.0084
6/15/2018,-0.017
6/18/2018,-0.0009
6/19/2018,-0.012
6/20/2018,0.0023
6/21/2018,-0.0041
6/22/2018,0.0104
6/25/2018,-0.0131
6/26/2018,0.0041
6/27/2018,0.0071
6/28/2018,-0.004
6/29/2018,0.0071
7/2/2018,-0.0192
7/3/2018,0.0023
7/5/2018,-0.0046
7/6/2018,0.0079
7/9/2018,-0.0009
7/10/2018,-0.0042
7/11/2018,-0.027
7/12/2018,0.0068
7/13/2018,-0.0021
7/16/2018,-0.0118
7/17/2018,-0.0002
7/18/2018,0.0036
7/19/2018,-0.0006
7/20/2018,0.0074
7/23/2018,-0.0006
7/24/2018,0.0052
7/25/2018,0.0102
7/26/2018,0.0003
7/27/2018,-0.0013
7/30/2018,0.0064
7/31/2018,0.0001
8/1/2018,-0.0134
8/2/2018,0.0031
8/3/2018,0.0046
8/6/2018,0.0019
8/7/2018,0.0049
8/8/2018,-0.0042
8/9/2018,-0.0028
8/10/2018,-0.0078
8/13/2018,-0.0082
8/14/2018,0.0028
8/15/2018,-0.0191
8/16/2018,0.0102
8/17/2018,0.004
8/20/2018,-0.0002
8/21/2018,0.0014
8/22/2018,0.0018
8/23/2018,-0.0058
8/24/2018,0.007
8/27/2018,0.0008
8/28/2018,-0.0048
8/29/2018,0.0055
8/30/2018,-0.0025
8/31/2018,0.0014
9/4/2018,-0.0073
9/5/2018,-0.0052
9/6/2018,-0.0032
9/7/2018,0.0019
9/10/2018,0.0042
9/11/2018,0.0005
9/12/2018,0.0059
9/13/2018,-0.009
9/14/2018,-0.0032
9/17/2018,-0.0039
9/18/2018,0.0073
9/19/2018,0.0076
9/20/2018,0.0062
9/21/2018,0.0062
9/24/2018,0.0053
9/25/2018,0.0027
9/26/2018,-0.0046
9/27/2018,0.0007
9/28/2018,0.0053
10/1/2018,0.0136
10/2/2018,0.0091
10/3/2018,0.006
10/4/2018,-0.0101
10/5/2018,0.0013
10/8/2018,0.0003
10/9/2018,0.0036
10/10/2018,-0.0097
10/11/2018,-0.0054
10/12/2018,0.0036
10/15/2018,0.0103
10/16/2018,-0.0011
10/17/2018,-0.0037
10/18/2018,-0.011
10/19/2018,0.0023
10/22/2018,-0.002
10/23/2018,-0.0074
10/24/2018,-0.0041
10/25/2018,-0.002
10/26/2018,0.0044
10/29/2018,-0.0071
10/30/2018,-0.0096
10/31/2018,-0.0047
11/1/2018,0.0047
11/2/2018,0.0036
11/5/2018,0.0037
11/6/2018,-0.0063
11/7/2018,0.0007
11/8/2018,-0.0054
11/9/2018,-0.0045
11/12/2018,0.0019
11/13/2018,-0.0072
11/14/2018,0.0277
11/15/2018,-0.0221
11/16/2018,0.0128
11/19/2018,0.0109
11/20/2018,-0.0217
11/21/2018,0.0045
11/23/2018,-0.0226
11/26/2018,-0.0003
11/27/2018,-0.0039
11/28/2018,0.0164
11/29/2018,0.0021
11/30/2018,-0.0009
12/3/2018,0.0048
12/4/2018,0.0054
12/5/2018,-0.0005
12/6/2018,-0.0131
12/7/2018,0.0148
12/10/2018,-0.0091
12/11/2018,-0.0013
12/12/2018,-0.0053
12/13/2018,0.004
12/14/2018,-0.0151
12/17/2018,-0.0123
12/18/2018,-0.0073
12/19/2018,0.0035
12/20/2018,-0.0143
12/21/2018,-0.0014
12/24/2018,-0.0188
12/26/2018,0.013
12/27/2018,-0.0053
12/28/2018,-0.0027
12/31/2018,-0.0113
1/2/2019,0.0035
1/3/2019,0.0061
1/4/2019,0.0114
1/7/2019,0.0031
1/8/2019,0.0048
1/9/2019,0.0122
1/10/2019,-0.0053
1/11/2019,0.0022
1/14/2019,0.003
1/15/2019,0.0025
1/16/2019,0.0019
1/17/2019,0.0024
1/18/2019,0.0115
1/22/2019,-0.0159
1/23/2019,-0.0002
1/24/2019,0.0017
1/25/2019,0.0107
1/28/2019,-0.0148
1/29/2019,0.0079
1/30/2019,0.0047
1/31/2019,-0.0019
2/1/2019,0.003
2/4/2019,0.0017
2/5/2019,-0.0027
2/6/2019,0.0013
2/7/2019,-0.0117
2/8/2019,0.0003
2/11/2019,-0.0051
2/12/2019,0.0055
2/13/2019,0.0008
2/14/2019,-0.0025
2/15/2019,0.0125
2/19/2019,0.0042
2/20/2019,0.0048
2/21/2019,0.0013
2/22/2019,0.0041
2/25/2019,-0.01
2/26/2019,-0.0012
2/27/2019,0.005
2/28/2019,-0.0027
3/1/2019,-0.0052
3/4/2019,-0.0018
3/5/2019,0.0046
3/6/2019,-0.0056
3/7/2019,-0.0027
3/8/2019,-0.0007
3/11/2019,-0.0026
3/12/2019,0.0075
3/13/2019,0.0083
3/14/2019,-0.0022
3/15/2019,0.0029
3/18/2019,0.0036
3/19/2019,0.0026
3/20/2019,0.0035
3/21/2019,-0.0004
3/22/2019,-0.0072
3/25/2019,0.002
3/26/2019,0.001
3/27/2019,-0.0052
3/28/2019,-0.0058
3/29/2019,0
4/1/2019,0.0072
4/2/2019,0.0023
4/3/2019,0.0039
4/4/2019,0.0006
4/5/2019,0.0017
4/8/2019,0.0049
4/9/2019,-0.0018
4/10/2019,0.0053
4/11/2019,-0.0099
4/12/2019,0.0057
4/15/2019,-0.0047
4/16/2019,-0.0044
4/17/2019,-0.0037
4/18/2019,0.0006
4/22/2019,0.0031
4/23/2019,-0.0038
4/24/2019,-0.0026
4/25/2019,-0.0027
4/26/2019,-0.0056
4/29/2019,-0.0028
4/30/2019,0.0005
5/1/2019,-0.0019
5/2/2019,-0.009
5/3/2019,0.0017
5/6/2019,-0.0046
5/7/2019,-0.0064
5/8/2019,0.0004
5/9/2019,-0.0056
5/10/2019,0.0013
5/13/2019,-0.0041
5/14/2019,0.0127
5/15/2019,0.004
5/16/2019,0.0082
5/17/2019,-0.0075
5/20/2019,0.0028
5/21/2019,-0.0019
5/22/2019,-0.0103
5/23/2019,-0.0125
5/24/2019,0.0095
5/28/2019,0.0086
5/29/2019,0
5/30/2019,-0.0037
5/31/2019,-0.0176
6/3/2019,-0.0032
6/4/2019,0.0032
6/5/2019,-0.0157
6/6/2019,0.0081
6/7/2019,0.0005
6/10/2019,-0.0016
6/11/2019,0.0058
6/12/2019,-0.005
6/13/2019,0.0068
6/14/2019,0.0028
6/17/2019,-0.0005
6/18/2019,0.0059
6/19/2019,-0.0061
6/20/2019,0.0179
6/21/2019,-0.0041
6/24/2019,0.0081
6/25/2019,0.0045
6/26/2019,0.0038
6/27/2019,0.0005
6/28/2019,-0.0066
7/1/2019,-0.0077
7/2/2019,-0.0123
7/3/2019,0.0144
7/5/2019,-0.001
7/8/2019,-0.0011
7/9/2019,0.0014
7/10/2019,0.0178
7/11/2019,0.0002
7/12/2019,0.0058
7/15/2019,-0.0058
7/16/2019,-0.0113
7/17/2019,-0.0009
7/18/2019,-0.0083
7/19/2019,0.0059
7/22/2019,-0.0026
7/23/2019,0.0029
7/24/2019,-0.001
7/25/2019,-0.0041
7/26/2019,-0.0032
7/29/2019,0.0034
7/30/2019,0.0009
7/31/2019,-0.0015
8/1/2019,-0.0248
8/2/2019,0.0028
8/5/2019,-0.006
8/6/2019,-0.0038
8/7/2019,-0.0065
8/8/2019,0.014
8/9/2019,0.005
8/12/2019,-0.0077
8/13/2019,0.0099
8/14/2019,-0.0094
8/15/2019,-0.002
8/16/2019,0.0009
8/19/2019,-0.0015
8/20/2019,0.0004
8/21/2019,0.0014
8/22/2019,-0.0049
8/23/2019,-0.0046
8/26/2019,0.0037
8/27/2019,0.0031
8/28/2019,0.0076
8/29/2019,0.0041
8/30/2019,-0.0062
9/3/2019,0.0001
9/4/2019,0.0183
9/5/2019,-0.0049
9/6/2019,-0.0019
9/9/2019,0.0073
9/10/2019,0.0039
9/11/2019,-0.007
9/12/2019,0.0046
9/13/2019,0.0016
9/16/2019,0.0343
9/17/2019,-0.0184
9/18/2019,-0.0049
9/19/2019,-0.0014
9/20/2019,-0.0025
9/23/2019,0.0085
9/24/2019,-0.0063
9/25/2019,-0.0057
9/26/2019,-0.0035
9/27/2019,-0.0038
9/30/2019,-0.0072
10/1/2019,0.0011
10/2/2019,-0.0044
10/3/2019,0.0028
10/4/2019,0.0025
10/7/2019,-0.0028
10/8/2019,0.0022
10/9/2019,0.0005
10/10/2019,0.0003
10/11/2019,0.0114
10/14/2019,-0.0031
10/15/2019,-0.0023
10/16/2019,-0.0009
10/17/2019,0.0031
10/18/2019,0.0011
10/21/2019,-0.0054
10/22/2019,0.0029
10/23/2019,0.0068
10/24/2019,0.0043
10/25/2019,0.0019
10/28/2019,-0.0002
10/29/2019,0.0015
10/30/2019,0
10/31/2019,-0.0045
11/1/2019,0.0129
11/4/2019,0.0047
11/5/2019,0.0011
11/6/2019,-0.007
11/7/2019,-0.0017
11/8/2019,-0.0014
11/11/2019,-0.011
11/12/2019,0
11/13/2019,-0.0009
11/14/2019,-0.0005
11/15/2019,0.0021
11/18/2019,-0.0097
11/19/2019,-0.0059
11/20/2019,0.0054
11/21/2019,0.0042
11/22/2019,0.0015
11/25/2019,-0.0021
11/26/2019,0.0013
11/27/2019,-0.0041
11/29/2019,-0.0157
12/2/2019,0.0003
12/3/2019,0.0027
12/4/2019,0.0065
12/5/2019,0.0034
12/6/2019,0.0017
12/9/2019,-0.0013
12/10/2019,0.0048
12/11/2019,-0.0024
12/12/2019,0.0095
12/13/2019,0.0043
12/16/2019,0.0098
12/17/2019,0.0013
12/18/2019,-0.0019
12/19/2019,0.0026
12/20/2019,0.0006
12/23/2019,-0.0021
12/24/2019,0.0055
12/26/2019,0.0075
12/27/2019,0.001
12/30/2019,0.0005
12/31/2019,-0.0062
1/2/2020,0.0014
1/3/2020,0.0045
1/6/2020,0.0034
1/7/2020,-0.0008
1/8/2020,-0.0122
1/9/2020,-0.0016
1/10/2020,0.0031
1/13/2020,-0.0051
1/14/2020,0.0007
1/15/2020,-0.004
1/16/2020,-0.0052
1/17/2020,0.0026
1/21/2020,-0.0076
1/22/2020,-0.0067
1/23/2020,-0.0057
1/24/2020,-0.0116
1/27/2020,-0.014
1/28/2020,0.0011
1/29/2020,-0.006
1/30/2020,-0.0095
1/31/2020,-0.004
2/3/2020,-0.0102
2/4/2020,0.0003
2/5/2020,0.0086
2/6/2020,0.003
2/7/2020,-0.0028
2/10/2020,-0.0074
2/11/2020,0.0025
2/12/2020,0.0104
2/13/2020,0.0022
2/14/2020,0.0009
2/18/2020,0.0096
2/19/2020,0.0061
2/20/2020,-0.0046
2/21/2020,0.0005
2/24/2020,-0.0177
2/25/2020,-0.0092
2/26/2020,-0.0078
2/27/2020,-0.0143
2/28/2020,-0.022
3/2/2020,0.021
3/3/2020,0.0099
3/4/2020,0.0005
3/5/2020,-0.0075
3/6/2020,-0.026
3/9/2020,-0.0416
3/10/2020,0.0213
3/11/2020,-0.0144
3/12/2020,-0.0313
3/13/2020,-0.013
3/16/2020,-0.0418
3/17/2020,-0.009
3/18/2020,-0.0408
3/19/2020,0.0327
3/20/2020,-0.0053
3/23/2020,0.0149
3/24/2020,0.0284
3/25/2020,0.0034
3/26/2020,-0.0103
3/27/2020,-0.0096
3/30/2020,-0.0104
3/31/2020,-0.0033
4/1/2020,-0.0253
4/2/2020,0.0209
4/3/2020,0.0105
4/6/2020,0.01
4/7/2020,0.0064
4/8/2020,-0.0011
4/9/2020,0.0052
4/13/2020,-0.0014
4/14/2020,-0.0053
4/15/2020,-0.0172
4/16/2020,0.0014
4/17/2020,0.0006
4/20/2020,-0.0019
4/21/2020,-0.0399
4/22/2020,0.0197
4/23/2020,0.0015
4/24/2020,-0.0088
4/27/2020,-0.0114
4/28/2020,0.0015
4/29/2020,0.0039
4/30/2020,0.0171
5/1/2020,-0.0031
5/4/2020,0.0044
5/5/2020,0.0219
5/6/2020,-0.0136
5/7/2020,0.0087
5/8/2020,0.0052
5/11/2020,-0.0086
5/12/2020,-0.0037
5/13/2020,-0.0151
5/14/2020,0.011
5/15/2020,0.0061
5/18/2020,0.0222
5/19/2020,0.0033
5/20/2020,0.0058
5/21/2020,-0.0093
5/22/2020,-0.0043
5/26/2020,0.0097
5/27/2020,-0.0107
5/28/2020,0.0016
5/29/2020,0.0122
6/1/2020,-0.0004
6/2/2020,0.0043
6/3/2020,0.0019
6/4/2020,0.0071
6/5/2020,0.0053
6/8/2020,-0.0008
6/9/2020,0.0013
6/10/2020,0.0043
6/11/2020,-0.014
6/12/2020,-0.006
6/15/2020,-0.0009
6/16/2020,0.0046
6/17/2020,0.002
6/18/2020,0.0007
6/19/2020,0.0071
6/22/2020,0.004
6/23/2020,-0.0019
6/24/2020,-0.0155
6/25/2020,-0.0041
6/26/2020,-0.0036
6/29/2020,0.0162
6/30/2020,0.0114
7/1/2020,0.0032
7/2/2020,0.0069
7/6/2020,0.0083
7/7/2020,0.0055
7/8/2020,0.0038
7/9/2020,-0.0067
7/10/2020,0.0044
7/13/2020,-0.0022
7/14/2020,-0.0047
7/15/2020,0.0074
7/16/2020,-0.0029
7/17/2020,0.0003
7/20/2020,-0.0028
7/21/2020,0.0147
7/22/2020,0.0067
7/23/2020,0.0057
7/24/2020,0.0004
7/27/2020,0.0052
7/28/2020,0.0004
7/29/2020,0.0067
7/30/2020,-0.0107
7/31/2020,0.0062
8/3/2020,0.0179
8/4/2020,0.0091
8/5/2020,0.0092
8/6/2020,0.0021
8/7/2020,-0.0125
8/10/2020,0.0064
8/11/2020,-0.0143
8/12/2020,0.0054
8/13/2020,0.0081
8/14/2020,-0.0004
8/17/2020,0.0171
8/18/2020,0.0063
8/19/2020,-0.0019
8/20/2020,-0.0076
8/21/2020,-0.0045
8/24/2020,0.0027
8/25/2020,0.0051
8/26/2020,0.0039
8/27/2020,0.0044
8/28/2020,0.0072
8/31/2020,0.0025
9/1/2020,0.0026
9/2/2020,-0.0091
9/3/2020,-0.0074
9/4/2020,0.0013
9/8/2020,-0.0137
9/9/2020,0.0043
9/10/2020,-0.003
9/11/2020,0.0009
9/14/2020,0.0026
9/15/2020,0.0007
9/16/2020,0.007
9/17/2020,0.0012
9/18/2020,0.008
9/21/2020,-0.0248
9/22/2020,-0.0023
9/23/2020,-0.0032
9/24/2020,0.0014
9/25/2020,-0.0025
9/28/2020,0.0043
9/29/2020,-0.0101
9/30/2020,0.0083
10/1/2020,-0.0085
10/2/2020,-0.0063
10/5/2020,0.0178
10/6/2020,0.0049
10/7/2020,0.0057
10/8/2020,0.005
10/9/2020,0.0152
10/12/2020,-0.0065
10/13/2020,-0.0029
10/14/2020,0.0059
10/15/2020,0.006
10/16/2020,-0.0007
10/19/2020,0.0025
10/20/2020,0.0049
10/21/2020,0.0027
10/22/2020,-0.0039
10/23/2020,-0.0037
10/26/2020,-0.0046
10/27/2020,0.0048
10/28/2020,-0.0197
10/29/2020,-0.0072
10/30/2020,0.0032
11/2/2020,0.0039
11/3/2020,0.0019
11/4/2020,0.006
11/5/2020,0.0069
11/6/2020,-0.005
11/9/2020,-0.001
11/10/2020,0.0167
11/11/2020,0.0005
11/12/2020,-0.0038
11/13/2020,0.0001
11/16/2020,0.0006
11/17/2020,0.0016
11/18/2020,0.0041
11/19/2020,-0.0088
11/20/2020,0.0082
11/23/2020,0.0003
11/24/2020,0.0078
11/25/2020,0.001
11/27/2020,0.0001
11/30/2020,-0.0061
12/1/2020,0.0026
12/2/2020,-0.0007
12/3/2020,-0.0058
12/4/2020,0.0031
12/7/2020,-0.0048
12/8/2020,-0.0036
12/9/2020,0.0037
12/10/2020,0.0127
12/11/2020,-0.0003
12/14/2020,0.0042
12/15/2020,0.007
12/16/2020,0.0041
12/17/2020,0.011
12/18/2020,0.006
12/21/2020,-0.0046
12/22/2020,-0.0054
12/23/2020,0.0062
12/24/2020,0
12/28/2020,-0.0068
12/29/2020,0.0079
12/30/2020,0.0063
12/31/2020,0.006
1/4/2021,0.0075
1/5/2021,0.0216
1/6/2021,-0.0007
1/7/2021,0.0005
1/8/2021,-0.0082
1/11/2021,-0.0021
1/12/2021,0.0143
1/13/2021,-0.0001
1/14/2021,0.0075
1/15/2021,-0.0093
1/19/2021,-0.0051
1/20/2021,0.0031
1/21/2021,-0.0002
1/22/2021,-0.0147
1/25/2021,0.0109
1/26/2021,0.0063
1/27/2021,-0.0003
1/28/2021,-0.0057
1/29/2021,0.0013
2/1/2021,0.0187
2/2/2021,-0.0041
2/3/2021,0.0067
2/4/2021,0.0021
2/5/2021,0.006
2/8/2021,0.013
2/9/2021,0.0028
2/10/2021,-0.0029
2/11/2021,-0.0007
2/12/2021,0.007
2/16/2021,0.0117
2/17/2021,0.0018
2/18/2021,0.0005
2/19/2021,0.0007
2/22/2021,0.0164
2/23/2021,-0.0009
2/24/2021,0.0111
2/25/2021,-0.0053
2/26/2021,-0.0211
3/1/2021,-0.0058
3/2/2021,0.0056
3/3/2021,-0.0045
3/4/2021,-0.001
3/5/2021,0.0127
3/8/2021,-0.0057
3/9/2021,0.0006
3/10/2021,-0.0009
3/11/2021,0.0109
3/12/2021,-0.0037
3/15/2021,0
3/16/2021,0
3/17/2021,-0.0031
3/18/2021,-0.0237
3/19/2021,0.0103
3/22/2021,0.0018
3/23/2021,-0.0176
3/24/2021,0.014
3/25/2021,-0.016
3/26/2021,0.0137
3/29/2021,-0.0024
3/30/2021,-0.0141
3/31/2021,0.0084
4/1/2021,0.0047
4/5/2021,-0.0098
4/6/2021,0.0072
4/7/2021,0.0019
4/8/2021,0.0075
4/9/2021,-0.0044
4/12/2021,-0.0053
4/13/2021,0.0088
4/14/2021,0.0185
4/15/2021,0.0079
4/16/2021,-0.0004
4/19/2021,0.003
4/20/2021,0.0022
4/21/2021,0.0033
4/22/2021,0.0081
4/23/2021,0.0049
4/26/2021,0.0127
4/27/2021,0.0062
4/28/2021,0.0012
4/29/2021,-0.0002
4/30/2021,0.0022
5/3/2021,0.0067
5/4/2021,0.0076
5/5/2021,0.0062
5/6/2021,0.007
5/7/2021,0.0093
5/10/2021,-0.0062
5/11/2021,0.0076
5/12/2021,0.0001
5/13/2021,-0.0232
5/14/2021,0.0031
5/17/2021,0.0138
5/18/2021,-0.0011
5/19/2021,-0.0184
5/20/2021,-0.006
5/21/2021,0.0001
5/24/2021,0.0076
5/25/2021,-0.0021
5/26/2021,0.0024
5/27/2021,0.0131
5/28/2021,0.0002
6/1/2021,0.0142
6/2/2021,0.0033
6/3/2021,-0.0125
6/4/2021,0.0152
6/7/2021,-0.0055
6/8/2021,0.0065
6/9/2021,0.0003
6/10/2021,0.0024
6/11/2021,-0.0004
6/14/2021,-0.0071
6/15/2021,-0.0082
6/16/2021,-0.0014
6/17/2021,-0.0355
6/18/2021,0.0092
6/21/2021,0.0069
6/22/2021,-0.0004
6/23/2021,0.0079
6/24/2021,0.0011
6/25/2021,0.0009
6/28/2021,0.0068
6/29/2021,0.0014
6/30/2021,0.0144
7/1/2021,0.0016
7/2/2021,0.003
7/6/2021,-0.0229
7/7/2021,-0.0035
7/8/2021,0.0011
7/9/2021,0.0099
7/12/2021,0.005
7/13/2021,0.0055
7/14/2021,-0.0008
7/15/2021,-0.003
7/16/2021,0.0032
7/19/2021,-0.0248
7/20/2021,0.0133
7/21/2021,0.0149
7/22/2021,0.0085
7/23/2021,0.0019
7/26/2021,0.01
7/27/2021,-0.0084
7/28/2021,0.0036
7/29/2021,0.0138
7/30/2021,-0.0126
8/2/2021,-0.0055
8/3/2021,-0.0042
8/4/2021,-0.0052
8/5/2021,0.0047
8/6/2021,-0.0065
8/9/2021,-0.0165
8/10/2021,0.0135
8/11/2021,0.0061
8/12/2021,0.0002
8/13/2021,0.002
8/16/2021,-0.0015
8/17/2021,-0.0109
8/18/2021,-0.0053
8/19/2021,-0.0169
8/20/2021,-0.0082
8/23/2021,0.0217
8/24/2021,0.0134
8/25/2021,0.004
8/26/2021,0.002
8/27/2021,0.0147
8/30/2021,-0.0018
8/31/2021,-0.002
9/1/2021,0.0008
9/2/2021,0.0067
9/3/2021,0.0042
9/7/2021,-0.0136
9/8/2021,0.0094
9/9/2021,-0.0013
9/10/2021,0.0056
9/13/2021,0.0059
9/14/2021,0.0019
9/15/2021,0.0176
9/16/2021,-0.01
9/17/2021,-0.0106
9/20/2021,-0.0153
9/21/2021,-0.003
9/22/2021,0.0144
9/23/2021,0.0112
9/24/2021,0.0076
9/27/2021,0.0187
9/28/2021,0.0009
9/29/2021,-0.0131
9/30/2021,0.0117
10/1/2021,0.0017
10/4/2021,0.0112
10/5/2021,0.0176
10/6/2021,-0.0218
10/7/2021,0.0074
10/8/2021,0.0027
10/11/2021,0.0009
10/12/2021,0.0002
10/13/2021,0.0053
10/14/2021,0.011
10/15/2021,0.003
10/18/2021,-0.0106
10/19/2021,0.0028
10/20/2021,0.0119
10/21/2021,-0.0186
10/22/2021,0.0055
10/25/2021,0.0201
10/26/2021,-0.0015
10/27/2021,-0.0057
10/28/2021,-0.0074
10/29/2021,-0.009
11/1/2021,0.0028
11/2/2021,0.0055
11/3/2021,-0.0104
11/4/2021,-0.0054
11/5/2021,0.0016
11/8/2021,0.0004
11/9/2021,-0.003
11/10/2021,-0.0044
11/11/2021,0.0129
11/12/2021,-0.0052
11/15/2021,0.0035
11/16/2021,0.0018
11/17/2021,-0.009
11/18/2021,0.0014
11/19/2021,-0.0023
11/22/2021,-0.0021
11/23/2021,0.0113
11/24/2021,0.0034
11/26/2021,-0.0336
11/29/2021,-0.0138
11/30/2021,-0.0296
12/1/2021,-0.0062
12/2/2021,-0.0009
12/3/2021,0.0071
12/6/2021,-0.001
12/7/2021,0.0104
12/8/2021,0.0058
12/9/2021,-0.0072
12/10/2021,0.0036
12/13/2021,-0.0041
12/14/2021,-0.0053
12/15/2021,-0.0049
12/16/2021,0.0159
12/17/2021,-0.0063
12/20/2021,-0.0108
12/21/2021,0.0185
12/22/2021,0.0163
12/23/2021,0.0018
12/27/2021,0.0149
12/28/2021,-0.0032
12/29/2021,0.0013
12/30/2021,-0.0076
12/31/2021,-0.0026
1/3/2022,0.003
1/4/2022,0.0112
1/5/2022,0.0057
1/6/2022,-0.0037
1/7/2022,0.005
1/10/2022,-0.0042
1/11/2022,0.0189
1/12/2022,0.0161
1/13/2022,-0.0131
1/14/2022,0.0048
1/18/2022,0.0056
1/19/2022,0.0127
1/20/2022,0.0027
1/21/2022,-0.0035
1/24/2022,-0.0071
1/25/2022,0.0096
1/26/2022,0.0096
1/27/2022,-0.0041
1/28/2022,0.009
1/31/2022,0.0067
2/1/2022,0.0066
2/2/2022,0.0156
2/3/2022,-0.0084
2/4/2022,0.0021
2/7/2022,-0.0016
2/8/2022,-0.0044
2/9/2022,0.0076
2/10/2022,-0.0023
2/11/2022,0.0037
2/14/2022,0.011
2/15/2022,-0.0109
2/16/2022,0.0162
2/17/2022,-0.0012
2/18/2022,0.0008
2/22/2022,0.0171
2/23/2022,0.007
2/24/2022,0.0081
2/25/2022,-0.0249
2/28/2022,0.0192
3/1/2022,0.0414
3/2/2022,0.0235
3/3/2022,0.0068
3/4/2022,0.0334
3/7/2022,0.0302
3/8/2022,0.0135
3/9/2022,-0.0512
3/10/2022,-0.0057
3/11/2022,0.0101
3/14/2022,-0.0205
3/15/2022,-0.0153
3/16/2022,-0.0101
3/17/2022,0.0305
3/18/2022,-0.0079
3/21/2022,0.0187
3/22/2022,-0.001
3/23/2022,0.0262
3/24/2022,0.0024
3/25/2022,0.0053
3/28/2022,-0.028
3/29/2022,-0.0205
3/30/2022,0.0229
3/31/2022,-0.0162
4/1/2022,-0.0043
4/4/2022,0.0136
4/5/2022,0.0051
4/6/2022,-0.0134
4/7/2022,0.0033
4/8/2022,0.0119
4/11/2022,-0.0038
4/12/2022,0.0227
4/13/2022,0.0171
4/14/2022,0.0108
4/18/2022,0.0193
4/19/2022,-0.0272
4/20/2022,-0.0023
4/21/2022,0.0021
4/22/2022,-0.0173
4/25/2022,-0.017
4/26/2022,0.0115
4/27/2022,0.0106
4/28/2022,-0.0037
4/29/2022,0.0024
5/2/2022,-0.004
5/3/2022,-0.0027
5/4/2022,0.022
5/5/2022,0.0073
5/6/2022,-0.0156
5/9/2022,-0.0428
5/10/2022,-0.0011
5/11/2022,0.0224
5/12/2022,-0.0021
5/13/2022,0.0092
5/16/2022,0.0197
5/17/2022,0.006
5/18/2022,-0.0152
5/19/2022,0.0114
5/20/2022,-0.0043
5/23/2022,0.0138
5/24/2022,-0.0032
5/25/2022,0.0013
5/26/2022,0.0088
5/27/2022,0.0046
5/31/2022,-0.0189
6/1/2022,0.0111
6/2/2022,0.0077
6/3/2022,-0.0001
6/6/2022,0.0186
6/7/2022,0.0007
6/8/2022,-0.0027
6/9/2022,0.0042
6/10/2022,-0.0086
6/13/2022,-0.0162
6/14/2022,-0.0314
6/15/2022,0.003
6/16/2022,0.0068
6/17/2022,-0.0272
6/21/2022,-0.0035
6/22/2022,-0.0126
6/23/2022,-0.0306
6/24/2022,0.0033
6/27/2022,0.0044
6/28/2022,0.007
6/29/2022,-0.0034
6/30/2022,-0.0428
7/1/2022,0.0007
7/5/2022,-0.0449
7/6/2022,-0.01
7/7/2022,0.0396
7/8/2022,0.0067
7/11/2022,0.0041
7/12/2022,-0.038
7/13/2022,0.0152
7/14/2022,-0.0171
7/15/2022,0.0157
7/18/2022,0.0324
7/19/2022,-0.0093
7/20/2022,0.013
7/21/2022,-0.0145
7/22/2022,0.0058
7/25/2022,0.0133
7/26/2022,0.0107
7/27/2022,0.005
7/28/2022,0.0029
7/29/2022,0.0128
8/1/2022,-0.0166
8/2/2022,-0.0169
8/3/2022,0.0007
8/4/2022,0.0015
8/5/2022,-0.0016
8/8/2022,-0.0047
8/9/2022,0.0116
8/10/2022,0.0173
8/11/2022,0.0242
8/12/2022,-0.0035
8/15/2022,-0.0148
8/16/2022,0.0013
8/17/2022,-0.0015
8/18/2022,0.0009
8/19/2022,0.0069
8/22/2022,0.0087
8/23/2022,0.0044
8/24/2022,0.0067
8/25/2022,-0.0048
8/26/2022,0.0036
8/29/2022,0.0081
8/30/2022,-0.0242
8/31/2022,-0.0075
9/1/2022,-0.0179
9/2/2022,-0.003
9/6/2022,-0.0137
9/7/2022,-0.0149
9/8/2022,0.0039
9/9/2022,0.0202
9/12/2022,0.0191
9/13/2022,-0.0056
9/14/2022,0.0107
9/15/2022,-0.0299
9/16/2022,-0.0086
9/19/2022,0.0011
9/20/2022,0.0038
9/21/2022,-0.0028
9/22/2022,-0.0084
9/23/2022,-0.0311
9/26/2022,-0.016
9/27/2022,-0.0013
9/28/2022,0.0208
9/29/2022,-0.0016
9/30/2022,-0.0096
10/3/2022,0.0114
10/4/2022,0.0262
10/5/2022,0.0067
10/6/2022,0.0021
10/7/2022,0.0035
10/10/2022,-0.0096
10/11/2022,-0.0048
10/12/2022,-0.0072
10/13/2022,0.012
10/14/2022,-0.0201
10/17/2022,-0.0048
10/18/2022,-0.0116
10/19/2022,-0.0054
10/20/2022,0.0022
10/21/2022,-0.0016
10/24/2022,0.0032
10/25/2022,0.0108
10/26/2022,0.0094
10/27/2022,-0.0057
10/28/2022,-0.0132
10/31/2022,0.0143
11/1/2022,0.0014
11/2/2022,0.0138
11/3/2022,-0.0129
11/4/2022,0.0343
11/7/2022,0.0055
11/8/2022,-0.0152
11/9/2022,-0.0153
11/10/2022,0.0125
11/11/2022,0.0076
11/14/2022,-0.0022
11/15/2022,0.0077
11/16/2022,-0.0058
11/17/2022,-0.0147
11/18/2022,-0.0028
11/21/2022,0.0047
11/22/2022,0.009
11/23/2022,0.0012
11/25/2022,-0.0137
11/28/2022,-0.0046
11/29/2022,0.007
11/30/2022,0.0075
12/1/2022,0.0002
12/2/2022,-0.0139
12/5/2022,-0.0291
12/6/2022,-0.0104
12/7/2022,0.0068
12/8/2022,0.0042
12/9/2022,0.0049
12/12/2022,0.009
12/13/2022,0.0197
12/14/2022,-0.0036
12/15/2022,-0.0066
12/16/2022,-0.0095
12/19/2022,-0.0095
12/20/2022,0.0024
12/21/2022,0.0109
12/22/2022,-0.0163
12/23/2022,0.0114
12/27/2022,0.0071
12/28/2022,-0.0061
12/29/2022,-0.0024
12/30/2022,0.0037
1/3/2023,-0.0221
1/4/2023,-0.0159
1/5/2023,-0.0111
1/6/2023,0.007
1/9/2023,0.0105
1/10/2023,-0.0054
1/11/2023,0.0093
1/12/2023,0.0116
1/13/2023,0.0057
1/17/2023,0.0039
1/18/2023,-0.0038
1/19/2023,0.0023
1/20/2023,0.0025
1/23/2023,0.0035
1/24/2023,-0.0054
1/25/2023,-0.0016
1/26/2023,0.0058
1/27/2023,-0.0069
1/30/2023,-0.0073
1/31/2023,0.009
2/1/2023,-0.0203
2/2/2023,-0.0011
2/3/2023,-0.0214
2/6/2023,-0.0037
2/7/2023,0.0135
2/8/2023,-0.0002
2/9/2023,-0.0018
2/10/2023,0.0072
2/13/2023,-0.001
2/14/2023,0.0018
2/15/2023,-0.0125
2/16/2023,0.0004
2/17/2023,-0.0085
2/21/2023,0.0048
2/22/2023,-0.0085
2/23/2023,-0.0014
2/24/2023,-0.0041
2/27/2023,0.004
2/28/2023,0.0018
3/1/2023,0.0107
3/2/2023,-0.0033
3/3/2023,0.0128
3/6/2023,-0.0091
3/7/2023,-0.0145
3/8/2023,-0.0069
3/9/2023,-0.0081
3/10/2023,0.0034
3/13/2023,0.0055
3/14/2023,-0.0088
3/15/2023,-0.0197
3/16/2023,0.006
3/17/2023,-0.0016
3/20/2023,-0.0002
3/21/2023,0.0013
3/22/2023,-0.0013
3/23/2023,-0.0002
3/24/2023,0.0046
3/27/2023,0.007
3/28/2023,0.0059
3/29/2023,-0.0019
3/30/2023,0.0022
3/31/2023,0.0107
4/3/2023,0.0097
4/4/2023,-0.0002
4/5/2023,0.0011
4/6/2023,-0.0037
4/10/2023,0.0001
4/11/2023,0.0084
4/12/2023,0.0045
4/13/2023,0.0009
4/14/2023,0.0009
4/17/2023,0.002
4/18/2023,0.0067
4/19/2023,-0.0131
4/20/2023,-0.0088
4/21/2023,-0.0077
4/24/2023,0.004
4/25/2023,-0.013
4/26/2023,-0.0111
4/27/2023,-0.0011
4/28/2023,0.0094
5/1/2023,-0.0062
5/2/2023,-0.0129
5/3/2023,-0.0077
5/4/2023,0.0011
5/5/2023,0.0128
5/8/2023,0.0072
5/9/2023,-0.0015
5/10/2023,-0.0079
5/11/2023,-0.0157
5/12/2023,0.0006
5/15/2023,0.0113
5/16/2023,-0.0113
5/17/2023,0.0025
5/18/2023,-0.0045
5/19/2023,0.0011
5/22/2023,-0.002
5/23/2023,-0.0038
5/24/2023,0.0008
5/25/2023,-0.0128
5/26/2023,0.0079
5/30/2023,-0.0175
5/31/2023,-0.0037
6/1/2023,0.0125
6/2/2023,0.0063
6/5/2023,0.0024
6/6/2023,0.0036
6/7/2023,0.0025
6/8/2023,0.007
6/9/2023,-0.0042
6/12/2023,-0.0102
6/13/2023,0.0117
6/14/2023,0.0017
6/15/2023,0.022
6/16/2023,0.0158
6/20/2023,-0.0144
6/21/2023,0.011
6/22/2023,-0.0148
6/23/2023,-0.0084
6/26/2023,0.0013
6/27/2023,-0.0122
6/28/2023,-0.0088
6/29/2023,-0.0008
6/30/2023,0.0122
7/3/2023,-0.0022
7/5/2023,0.0076
7/6/2023,-0.0063
7/7/2023,0.0052
7/10/2023,0.0024
7/11/2023,0.0093
7/12/2023,0.0028
7/13/2023,0.0109
7/14/2023,0.0008
7/17/2023,-0.0096
7/18/2023,0.0127
7/19/2023,0.0058
7/20/2023,0.0049
7/21/2023,0.0015
7/24/2023,0.0137
7/25/2023,0.0055
7/26/2023,-0.0065
7/27/2023,-0.0056
7/28/2023,0.0028
7/31/2023,0.001
8/1/2023,-0.0063
8/2/2023,-0.0155
8/3/2023,0.005
8/4/2023,0.0037
8/7/2023,-0.0017
8/8/2023,-0.0004
8/9/2023,0.0078
8/10/2023,-0.0063
8/11/2023,-0.0027
8/14/2023,-0.0046
8/15/2023,-0.0123
8/16/2023,-0.0036
8/17/2023,0.0032
8/18/2023,0.0046
8/21/2023,0.0001
8/22/2023,-0.0031
8/23/2023,0.0068
8/24/2023,0.0024
8/25/2023,0.0056
8/28/2023,0.0017
8/29/2023,0.0012
8/30/2023,0.0032
8/31/2023,-0.0009
9/1/2023,0.0066
9/5/2023,-0.0008
9/6/2023,-0.0024
9/7/2023,-0.0035
9/8/2023,0.0007
9/11/2023,0.0057
9/12/2023,0.0013
9/13/2023,0.0013
9/14/2023,0.0071
9/15/2023,-0.0022
9/18/2023,-0.0007
9/19/2023,0.0006
9/20/2023,-0.002
9/21/2023,-0.011
9/22/2023,0.0015
9/25/2023,-0.0044
9/26/2023,-0.0033
9/27/2023,0.0035
9/28/2023,0.0012
9/29/2023,-0.01
10/2/2023,-0.0104
10/3/2023,-0.0028
10/4/2023,-0.0177
10/5/2023,0.0002
10/6/2023,0.0091
10/9/2023,0.0115
10/10/2023,-0.0015
10/11/2023,-0.0055
10/12/2023,0.0031
10/13/2023,0.0187
10/16/2023,-0.0055
10/17/2023,0.0012
10/18/2023,0.0102
10/19/2023,0.0017
10/20/2023,-0.0025
10/23/2023,-0.009
10/24/2023,-0.0027
10/25/2023,0.0046
10/26/2023,-0.0044
10/27/2023,0.0099
10/30/2023,-0.0109
10/31/2023,0.0014
11/1/2023,-0.0044
11/2/2023,0.0085
11/3/2023,0.0017
11/6/2023,-0.0022
11/7/2023,-0.0189
11/8/2023,-0.0065
11/9/2023,-0.0018
11/10/2023,-0.0054
11/13/2023,0.0149
11/14/2023,0.0026
11/15/2023,-0.0003
11/16/2023,-0.0153
11/17/2023,0.0014
11/20/2023,0.0076
11/21/2023,0.0024
11/22/2023,-0.0073
11/24/2023,-0.0075
11/27/2023,-0.0044
11/28/2023,0.01
11/29/2023,0.0035
11/30/2023,-0.0051
12/1/2023,-0.0033
12/4/2023,-0.0146
12/5/2023,-0.0042
12/6/2023,-0.0203
12/7/2023,0.0028
12/8/2023,0.0004
12/11/2023,-0.0057
12/12/2023,-0.0096
12/13/2023,0.0004
12/14/2023,0.0227
12/15/2023,0.0031
12/18/2023,0.0021
12/19/2023,0.0047
12/20/2023,-0.0045
12/21/2023,-0.0011
12/22/2023,0.0034
12/26/2023,0.0056
12/27/2023,0.0021
12/28/2023,-0.0056
12/29/2023,-0.0092
1/2/2024,-0.0056
1/3/2024,0.0023
1/4/2024,-0.0001
1/5/2024,0.0032
1/8/2024,-0.0125
1/9/2024,0.009
1/10/2024,-0.008
1/11/2024,0.0018
1/12/2024,0.003
1/16/2024,-0.0054
1/17/2024,-0.0081
1/18/2024,0.0058
1/19/2024,-0.0041
1/22/2024,0.001
1/23/2024,0.0073
1/24/2024,0.009
1/25/2024,0.0024
1/26/2024,0.0006
1/29/2024,-0.0088
1/30/2024,0.0097
1/31/2024,-0.003
2/1/2024,-0.0098
2/2/2024,-0.0095
2/5/2024,-0.0021
2/6/2024,0.0017
2/7/2024,0.0002
2/8/2024,0.0035
2/9/2024,-0.0005
2/12/2024,-0.0024
2/13/2024,-0.0046
2/14/2024,-0.0091
2/15/2024,0.0023
2/16/2024,0.0066
2/20/2024,-0.0044
2/21/2024,0.0075
2/22/2024,-0.0014
2/23/2024,-0.0105
2/26/2024,0.0041
2/27/2024,0.009
2/28/2024,0
2/29/2024,0.0004
3/1/2024,0.0053
3/4/2024,0.0045
3/5/2024,-0.0037
3/6/2024,0.0059
3/7/2024,0.0044
3/8/2024,-0.0029
3/11/2024,0.003
3/12/2024,-0.0012
3/13/2024,0.0082
3/14/2024,0.0009
3/15/2024,0.0011
3/18/2024,0.0049
3/19/2024,-0.0009
3/20/2024,-0.0034
3/21/2024,0.002
3/22/2024,-0.0074
3/25/2024,0.0059
3/26/2024,-0.0061
3/27/2024,-0.0037
3/28/2024,0.012
4/1/2024,0.0042
4/2/2024,0.0079
4/3/2024,0.012
4/4/2024,0.0034
4/5/2024,0.0062
4/8/2024,0.0002
4/9/2024,-0.0011
4/10/2024,0.0006
4/11/2024,-0.0051
4/12/2024,0.0056
4/15/2024,-0.0011
4/16/2024,0.0002
4/17/2024,-0.0059
4/18/2024,-0.0013
4/19/2024,0.0094
4/22/2024,-0.0026
4/23/2024,0.0017
4/24/2024,-0.0026
4/25/2024,0.0033
4/26/2024,-0.001
4/29/2024,0.0045
4/30/2024,-0.0165
5/1/2024,-0.0112
5/2/2024,0.0031
5/3/2024,0.0049
5/6/2024,0.0119
5/7/2024,0
5/8/2024,-0.0047
5/9/2024,0.004
5/10/2024,0.0031
5/13/2024,0.0047
5/14/2024,-0.0014
5/15/2024,0.0075
5/16/2024,0.002
5/17/2024,0.0157
5/20/2024,0.0142
5/21/2024,-0.0024
5/22/2024,-0.0054
5/23/2024,-0.0121
5/24/2024,-0.0009
5/28/2024,0.0154
5/29/2024,-0.0107
5/30/2024,-0.0139
5/31/2024,-0.0102
6/3/2024,-0.0024
6/4/2024,-0.0142
6/5/2024,0.0058
