Date,Close
5/13/2005,147.33
5/16/2005,146.71
5/17/2005,147.43
5/18/2005,147.12
5/19/2005,146.2
5/20/2005,146.08
5/23/2005,147.63
5/24/2005,148.08
5/25/2005,149.89
5/26/2005,150.36
5/27/2005,150.72
5/31/2005,150.73
6/1/2005,153.81
6/2/2005,153.19
6/3/2005,155.08
6/6/2005,155.46
6/7/2005,154.35
6/8/2005,152.51
6/9/2005,153.7
6/10/2005,152.39
6/13/2005,154.53
6/14/2005,154.14
6/15/2005,156.05
6/16/2005,157.47
6/17/2005,159.85
6/20/2005,161.4
6/21/2005,159.63
6/22/2005,158.88
6/23/2005,159.07
6/24/2005,159.84
6/27/2005,158.05
6/28/2005,154.84
6/29/2005,154.63
6/30/2005,152.88
7/1/2005,154.66
7/5/2005,158.45
7/6/2005,160.17
7/7/2005,159.16
7/8/2005,158.14
7/11/2005,157.89
7/12/2005,159.66
7/13/2005,160.07
7/14/2005,159.32
7/15/2005,159.56
7/18/2005,158.1
7/19/2005,156.54
7/20/2005,156.15
7/21/2005,154.11
7/22/2005,155.68
7/25/2005,155.66
7/26/2005,156.1
7/27/2005,156.85
7/28/2005,158.78
7/29/2005,159.33
8/1/2005,161.08
8/2/2005,162.87
8/3/2005,161.58
8/4/2005,161.83
8/5/2005,162.24
8/8/2005,162.77
8/9/2005,161.02
8/10/2005,164.04
8/11/2005,165.8
8/12/2005,166.11
8/15/2005,164.53
8/16/2005,165.23
8/17/2005,162.31
8/18/2005,160.82
8/19/2005,162.58
8/22/2005,164.47
8/23/2005,164.59
8/24/2005,165.76
8/25/2005,164.82
8/26/2005,164.39
8/29/2005,168.61
8/30/2005,172.16
8/31/2005,170.82
9/1/2005,174.05
9/2/2005,171.97
9/6/2005,171.53
9/7/2005,168.66
9/8/2005,169.18
9/9/2005,168.8
9/12/2005,167.41
9/13/2005,166.25
9/14/2005,168.28
9/15/2005,167.69
9/16/2005,165.9
9/19/2005,174.1
9/20/2005,172.67
9/21/2005,173.8
9/22/2005,174.67
9/23/2005,171.79
9/26/2005,174.49
9/27/2005,173.92
9/28/2005,178.4
9/29/2005,179.07
9/30/2005,178.25
10/3/2005,178.82
10/4/2005,177.75
10/5/2005,177.06
10/6/2005,173.7
10/7/2005,173.76
10/10/2005,173.18
10/11/2005,176.28
10/12/2005,177.01
10/13/2005,174.81
10/14/2005,174.09
10/17/2005,177.31
10/18/2005,174.79
10/19/2005,173.54
10/20/2005,170.89
10/21/2005,170.36
10/24/2005,169.68
10/25/2005,175.49
10/26/2005,172.66
10/27/2005,171.65
10/28/2005,169.95
10/31/2005,166.52
11/1/2005,165.69
11/2/2005,165.41
11/3/2005,167.61
11/4/2005,166.27
11/7/2005,167.08
11/8/2005,167.23
11/9/2005,166.31
11/10/2005,164.7
11/11/2005,166.13
11/14/2005,166.01
11/15/2005,165.13
11/16/2005,167.52
11/17/2005,166.06
11/18/2005,164.42
11/21/2005,164.27
11/22/2005,165.07
11/23/2005,164.6
11/28/2005,163.71
11/29/2005,163.36
11/30/2005,166.4
12/1/2005,169.94
12/2/2005,172.7
12/5/2005,173.41
12/6/2005,172.27
12/7/2005,172.78
12/8/2005,177.65
12/9/2005,175.29
12/12/2005,178.11
12/13/2005,180.24
12/14/2005,177.05
12/15/2005,174.13
12/16/2005,173.43
12/19/2005,174.28
12/20/2005,174.17
12/21/2005,174.92
12/22/2005,172.56
12/23/2005,171.31
12/27/2005,168.38
12/28/2005,171.02
12/29/2005,169.86
12/30/2005,171.15
1/3/2006,171.83
1/4/2006,171.83
1/5/2006,169.03
1/6/2006,170.35
1/9/2006,169.13
1/10/2006,168.58
1/11/2006,167.97
1/12/2006,167.01
1/13/2006,167.87
1/17/2006,169.59
1/18/2006,167.34
1/19/2006,168.87
1/20/2006,170.43
1/23/2006,169.9
1/24/2006,170.14
1/25/2006,170.11
1/26/2006,169.93
1/27/2006,171.59
1/30/2006,174.22
1/31/2006,173.67
2/1/2006,171.41
2/2/2006,170.83
2/3/2006,172.56
2/6/2006,170.61
2/7/2006,167.04
2/8/2006,166.84
2/9/2006,167.73
2/10/2006,164.28
2/13/2006,162.38
2/14/2006,161.84
2/15/2006,159.73
2/16/2006,160.76
2/17/2006,162.52
2/21/2006,165.48
2/22/2006,163.03
2/23/2006,162.25
2/24/2006,163.9
2/27/2006,160.64
2/28/2006,162.23
3/1/2006,162.34
3/2/2006,164.68
3/3/2006,165.5
3/6/2006,162.43
3/7/2006,160.48
3/8/2006,158.78
3/9/2006,159.63
3/10/2006,159.85
3/13/2006,161.16
3/14/2006,162.63
3/15/2006,161.98
3/16/2006,162.38
3/17/2006,162.19
3/20/2006,159.93
3/21/2006,160.77
3/22/2006,159.88
3/23/2006,162.65
3/24/2006,162.97
3/27/2006,163.24
3/28/2006,164.58
3/29/2006,165.13
3/30/2006,167.35
3/31/2006,165.19
4/3/2006,166.58
4/4/2006,164.72
4/5/2006,166.75
4/6/2006,168.55
4/7/2006,167.2
4/10/2006,169.26
4/11/2006,170.02
4/12/2006,170.29
4/13/2006,171.24
4/17/2006,173.95
4/18/2006,177.57
4/19/2006,178.93
4/20/2006,176.81
4/21/2006,180.01
4/24/2006,176.85
4/25/2006,177.87
4/26/2006,177.73
4/27/2006,173.65
4/28/2006,175.77
5/1/2006,178.18
5/2/2006,178.8
5/3/2006,177.01
5/4/2006,177.63
5/5/2006,178.91
5/8/2006,178.14
5/9/2006,180.9
5/10/2006,184
5/11/2006,187.63
5/12/2006,185.29
5/15/2006,179.81
5/16/2006,180.96
5/17/2006,179.56
5/18/2006,178.63
5/19/2006,174.57
5/22/2006,176.1
5/23/2006,181
5/24/2006,175.54
5/25/2006,177.21
5/26/2006,179.3
5/30/2006,178.65
5/31/2006,176.68
6/1/2006,174.96
6/2/2006,178.91
6/5/2006,178.09
6/6/2006,175.27
6/7/2006,174.91
6/8/2006,171.6
6/9/2006,171.22
6/12/2006,170.41
6/13/2006,165.35
6/14/2006,165.9
6/15/2006,169.35
6/16/2006,170.52
6/19/2006,167.31
6/20/2006,166.75
6/21/2006,168.28
6/22/2006,167.49
6/23/2006,166.77
6/26/2006,168.09
6/27/2006,167.76
6/28/2006,168.14
6/29/2006,170.59
6/30/2006,173.24
7/3/2006,174.03
7/5/2006,174.54
7/6/2006,177.15
7/7/2006,174.97
7/10/2006,174.94
7/11/2006,177.22
7/12/2006,178.2
7/13/2006,178.89
7/14/2006,179.96
7/17/2006,175.38
7/18/2006,172.44
7/19/2006,173.28
7/20/2006,171.79
7/21/2006,170.89
7/24/2006,172.58
7/25/2006,172.25
7/26/2006,172.36
7/27/2006,173.65
7/28/2006,174.33
7/31/2006,178.03
8/1/2006,177.42
8/2/2006,179.53
8/3/2006,176.28
8/4/2006,177.48
8/7/2006,177.23
8/8/2006,176.57
8/9/2006,178.84
8/10/2006,176.11
8/11/2006,173.55
8/14/2006,171.84
8/15/2006,172.09
8/16/2006,172.02
8/17/2006,169.02
8/18/2006,169.85
8/21/2006,171.58
8/22/2006,172.5
8/23/2006,171.71
8/24/2006,172.39
8/25/2006,172.64
8/28/2006,170.58
8/29/2006,168.94
8/30/2006,168.87
8/31/2006,170.88
9/1/2006,169.31
9/5/2006,170.65
9/6/2006,170.47
9/7/2006,169.04
9/8/2006,166.97
9/11/2006,162.66
9/12/2006,161.68
9/13/2006,161.34
9/14/2006,158.75
9/15/2006,157.45
9/18/2006,159.3
9/19/2006,157.62
9/20/2006,156.59
9/21/2006,158.82
9/22/2006,157.58
9/25/2006,157.22
9/26/2006,157.98
9/27/2006,158.74
9/28/2006,159.71
9/29/2006,159.96
10/2/2006,158.73
10/3/2006,156.07
10/4/2006,156.87
10/5/2006,159.49
10/6/2006,160.37
10/9/2006,162.84
10/10/2006,161.1
10/11/2006,161.71
10/12/2006,162.14
10/13/2006,164.29
10/16/2006,167.85
10/17/2006,166.85
10/18/2006,165.53
10/19/2006,167.23
10/20/2006,166.34
10/23/2006,166.51
10/24/2006,167.25
10/25/2006,169.47
10/26/2006,169.14
10/27/2006,169.79
10/30/2006,167.25
10/31/2006,166.82
11/1/2006,167.52
11/2/2006,168.86
11/3/2006,169.73
11/6/2006,170.18
11/7/2006,170.59
11/8/2006,170.54
11/9/2006,172.39
11/10/2006,168.21
11/13/2006,167.24
11/14/2006,167.8
11/15/2006,168.71
11/16/2006,166.16
11/17/2006,166.68
11/20/2006,167.46
11/21/2006,169.79
11/22/2006,168.8
11/27/2006,172.37
11/28/2006,172.19
11/29/2006,173.21
11/30/2006,175.21
12/1/2006,174.59
12/4/2006,171.51
12/5/2006,172.29
12/6/2006,169.8
12/7/2006,169.65
12/8/2006,169.09
12/11/2006,169.06
12/12/2006,168.23
12/13/2006,168.35
12/14/2006,169.67
12/15/2006,168.32
12/18/2006,166.57
12/19/2006,167.53
12/20/2006,166.55
12/21/2006,165.83
12/22/2006,166.48
12/26/2006,165.76
12/27/2006,165.76
12/28/2006,166.27
12/29/2006,166.51
1/3/2007,161.17
1/4/2007,159.21
1/5/2007,157.95
1/8/2007,157.07
1/9/2007,155.88
1/10/2007,157.3
1/11/2007,156.8
1/12/2007,159.56
1/16/2007,158.29
1/17/2007,158.61
1/18/2007,157.37
1/19/2007,160.4
1/22/2007,161.3
1/23/2007,164.88
1/24/2007,163.97
1/25/2007,162.38
1/26/2007,163.55
1/29/2007,160.6
1/30/2007,164.7
1/31/2007,166.09
2/1/2007,164.82
2/2/2007,165.11
2/5/2007,165.36
2/6/2007,165.48
2/7/2007,164.5
2/8/2007,166.36
2/9/2007,167.39
2/12/2007,163.86
2/13/2007,166.69
2/14/2007,165.69
2/15/2007,166.75
2/16/2007,168.27
2/20/2007,167.12
2/21/2007,169.84
2/22/2007,172.19
2/23/2007,173.39
2/26/2007,173.5
2/27/2007,171.98
2/28/2007,171.01
3/1/2007,169.76
3/2/2007,168.08
3/5/2007,165.94
3/6/2007,167.47
3/7/2007,169.2
3/8/2007,169.67
3/9/2007,167.84
3/12/2007,167.24
3/13/2007,166.12
3/14/2007,166.21
3/15/2007,166.57
3/16/2007,166.73
3/19/2007,166.56
3/20/2007,166.62
3/21/2007,167.18
3/22/2007,169.71
3/23/2007,168.98
3/26/2007,169.46
3/27/2007,169.62
3/28/2007,170.84
3/29/2007,172.33
3/30/2007,171.96
4/2/2007,171.47
4/3/2007,170.83
4/4/2007,172.9
4/5/2007,173.48
4/9/2007,172.23
4/10/2007,173.86
4/11/2007,173.86
4/12/2007,173.92
4/13/2007,174.35
4/16/2007,172.53
4/17/2007,172.12
4/18/2007,171.88
4/19/2007,171.61
4/20/2007,172.3
4/23/2007,173.49
4/24/2007,171.69
4/25/2007,173.85
4/26/2007,171.72
4/27/2007,173.56
4/30/2007,173.21
5/1/2007,173.11
5/2/2007,172.41
5/3/2007,173.75
5/4/2007,174.17
5/7/2007,172.85
5/8/2007,172.01
5/9/2007,171.77
5/10/2007,171.1
5/11/2007,173.44
5/14/2007,172.29
5/15/2007,173.23
5/16/2007,172.81
5/17/2007,173.47
5/18/2007,173.27
5/21/2007,174.82
5/22/2007,171.88
5/23/2007,171.58
5/24/2007,170.47
5/25/2007,172.37
5/29/2007,170.08
5/30/2007,171.44
5/31/2007,172.72
6/1/2007,174.03
6/4/2007,175.56
6/5/2007,174.81
6/6/2007,173.74
6/7/2007,173.07
6/8/2007,169.82
6/11/2007,172.27
6/12/2007,171.29
6/13/2007,172.17
6/14/2007,174.8
6/15/2007,176.48
6/18/2007,176.1
6/19/2007,173.57
6/20/2007,173.57
6/21/2007,172.4
6/22/2007,170.89
6/25/2007,170.25
6/26/2007,168.52
6/27/2007,168.95
6/28/2007,168.61
6/29/2007,169.67
7/2/2007,170.48
7/3/2007,170.1
7/5/2007,170.84
7/6/2007,171.63
7/9/2007,171.74
7/10/2007,173.3
7/11/2007,173.29
7/12/2007,173.51
7/13/2007,174.54
7/16/2007,171.1
7/17/2007,169.8
7/18/2007,172.81
7/19/2007,174.26
7/20/2007,173.48
7/23/2007,170.2
7/24/2007,169.46
7/25/2007,169.58
7/26/2007,168.74
7/27/2007,170.3
7/30/2007,171.46
7/31/2007,172.45
8/1/2007,170.82
8/2/2007,170.39
8/3/2007,169.6
8/6/2007,167.52
8/7/2007,167.84
8/8/2007,168.27
8/9/2007,167.51
8/10/2007,167.6
8/13/2007,168.14
8/14/2007,167.8
8/15/2007,167.33
8/16/2007,161.68
8/17/2007,164.21
8/20/2007,161.7
8/21/2007,161.06
8/22/2007,161.95
8/23/2007,163.14
8/24/2007,164.41
8/27/2007,163.99
8/28/2007,163.54
8/29/2007,164.43
8/30/2007,165.1
8/31/2007,165.57
9/4/2007,167.04
9/5/2007,166.92
9/6/2007,166.85
9/7/2007,167.12
9/10/2007,168.6
9/11/2007,170.24
9/12/2007,172.48
9/13/2007,171.74
9/14/2007,172.32
9/17/2007,174.54
9/18/2007,175.11
9/19/2007,175.8
9/20/2007,177.18
9/21/2007,177.22
9/24/2007,177.84
9/25/2007,176.71
9/26/2007,177.4
9/27/2007,179.71
9/28/2007,178.25
10/1/2007,178.08
10/2/2007,176.49
10/3/2007,176.6
10/4/2007,177.22
10/5/2007,175.72
10/8/2007,172.12
10/9/2007,173.33
10/10/2007,175.43
10/11/2007,177.21
10/12/2007,176.94
10/15/2007,178.97
10/16/2007,178.78
10/17/2007,178.51
10/18/2007,180.13
10/19/2007,179.05
10/22/2007,177.34
10/23/2007,176.61
10/24/2007,176.48
10/25/2007,179.22
10/26/2007,180.61
10/29/2007,182.79
10/30/2007,180.43
10/31/2007,183.52
11/1/2007,182.53
11/2/2007,184.19
11/5/2007,182.27
11/6/2007,184.92
11/7/2007,183.67
11/8/2007,183.56
11/9/2007,184.53
11/12/2007,182.01
11/13/2007,180.22
11/14/2007,183.1
11/15/2007,180.4
11/16/2007,181.76
11/19/2007,179.98
11/20/2007,182.34
11/21/2007,181.85
11/23/2007,184.24
11/26/2007,184.02
11/27/2007,181.27
11/28/2007,179.38
11/29/2007,179.2
11/30/2007,177.25
12/3/2007,176.52
12/4/2007,176.56
12/5/2007,176.22
12/6/2007,178.1
12/7/2007,178.33
12/10/2007,178.22
12/11/2007,179.55
12/12/2007,183.29
12/13/2007,180.97
12/14/2007,180.65
12/17/2007,180.1
12/18/2007,179.72
12/19/2007,181.37
12/20/2007,180.8
12/21/2007,183.03
12/24/2007,182.97
12/26/2007,185.38
12/27/2007,185.57
12/28/2007,184.77
12/31/2007,184.96
1/2/2008,189.58
1/3/2008,190.92
1/4/2008,189.84
1/7/2008,187.7
1/8/2008,190.8
1/9/2008,190.04
1/10/2008,189.09
1/11/2008,190.22
1/14/2008,192.48
1/15/2008,190.03
1/16/2008,187.64
1/17/2008,187.7
1/18/2008,188.17
1/22/2008,185.32
1/23/2008,181.16
1/24/2008,185.36
1/25/2008,187.68
1/28/2008,189.35
1/29/2008,191.06
1/30/2008,191.12
1/31/2008,192.29
2/1/2008,189.85
2/4/2008,191.79
2/5/2008,189.99
2/6/2008,190.7
2/7/2008,192.86
2/8/2008,197.07
2/11/2008,197.87
2/12/2008,196.1
2/13/2008,196.13
2/14/2008,199.88
2/15/2008,199.57
2/19/2008,205.25
2/20/2008,205.41
2/21/2008,206.69
2/22/2008,207.72
2/25/2008,209
2/26/2008,211.75
2/27/2008,212.69
2/28/2008,216.46
2/29/2008,215.52
3/3/2008,217.96
3/4/2008,213.86
3/5/2008,219.09
3/6/2008,216.75
3/7/2008,215.01
3/10/2008,215.21
3/11/2008,216.34
3/12/2008,217.88
3/13/2008,218.97
3/14/2008,215.83
3/17/2008,206.12
3/18/2008,210.2
3/19/2008,201.39
3/20/2008,197.33
3/24/2008,199.52
3/25/2008,203.3
3/26/2008,206.43
3/27/2008,207.92
3/28/2008,205.09
3/31/2008,201.6
4/1/2008,199.57
4/2/2008,203.12
4/3/2008,202.55
4/4/2008,204.7
4/7/2008,207.33
4/8/2008,205.85
4/9/2008,210.97
4/10/2008,210.68
4/11/2008,209.22
4/14/2008,210.54
4/15/2008,212.74
4/16/2008,215
4/17/2008,214.4
4/18/2008,214.31
4/21/2008,212.25
4/22/2008,215.21
4/23/2008,214.78
4/24/2008,211.57
4/25/2008,212.94
4/28/2008,213.95
4/29/2008,209.26
4/30/2008,208.55
5/1/2008,204
5/2/2008,208.12
5/5/2008,211.01
5/6/2008,212.73
5/7/2008,213.65
5/8/2008,214.15
5/9/2008,216.51
5/12/2008,215.09
5/13/2008,216.23
5/14/2008,214.95
5/15/2008,214.68
5/16/2008,216.31
5/19/2008,214.49
5/20/2008,217.1
5/21/2008,220.41
5/22/2008,217.61
5/23/2008,219.55
5/27/2008,216.8
5/28/2008,217.55
5/29/2008,211.02
5/30/2008,213.95
6/2/2008,215.68
6/3/2008,213.6
6/4/2008,212.95
6/5/2008,217.55
6/6/2008,223.73
6/9/2008,221.09
6/10/2008,219.46
6/11/2008,225.29
6/12/2008,225.7
6/13/2008,226.02
6/16/2008,227.99
6/17/2008,228.99
6/18/2008,231.72
6/19/2008,227.76
6/20/2008,230.14
6/23/2008,230.21
6/24/2008,229.02
6/25/2008,227.93
6/26/2008,233.75
6/27/2008,234.12
6/30/2008,233.03
7/1/2008,235.17
7/2/2008,237.95
7/3/2008,237.8
7/7/2008,231.71
7/8/2008,225.29
7/9/2008,225.67
7/10/2008,229.92
7/11/2008,231.05
7/14/2008,229.62
7/15/2008,224.21
7/16/2008,222.19
7/17/2008,216.13
7/18/2008,213.45
7/21/2008,213.32
7/22/2008,209.88
7/23/2008,206.13
7/24/2008,204.38
7/25/2008,203.75
7/28/2008,204.88
7/29/2008,203.18
7/30/2008,205.96
7/31/2008,205.1
8/1/2008,204.35
8/4/2008,197.18
8/5/2008,195.56
8/6/2008,194.71
8/7/2008,195.65
8/8/2008,189.3
8/11/2008,188.47
8/12/2008,187.45
8/13/2008,192.6
8/14/2008,190.68
8/15/2008,187.15
8/18/2008,188.32
8/19/2008,190.17
8/20/2008,191.72
8/21/2008,198.44
8/22/2008,192.92
8/25/2008,192.73
8/26/2008,193.75
8/27/2008,194.71
8/28/2008,190.88
8/29/2008,189.89
9/2/2008,183.77
9/3/2008,182.66
9/4/2008,181.89
9/5/2008,178.58
9/8/2008,178.73
9/9/2008,175.99
9/10/2008,174.31
9/11/2008,173.04
9/12/2008,175.76
9/15/2008,172.49
9/16/2008,167.39
9/17/2008,173.18
9/18/2008,171.85
9/19/2008,175.38
9/22/2008,181.7
9/23/2008,179.35
9/24/2008,178.44
9/25/2008,179.31
9/26/2008,176.79
9/29/2008,167.55
9/30/2008,167.78
10/1/2008,167.48
10/2/2008,159.87
10/3/2008,159.02
10/6/2008,150.87
10/7/2008,152.1
10/8/2008,151.51
10/9/2008,151.56
10/10/2008,142.16
10/13/2008,146.09
10/14/2008,144.87
10/15/2008,138.63
10/16/2008,135.47
10/17/2008,138.05
10/20/2008,138.55
10/21/2008,136.57
10/22/2008,130.65
10/23/2008,129.57
10/24/2008,126.2
10/27/2008,127.64
10/28/2008,128.05
10/29/2008,135.49
10/30/2008,131.26
10/31/2008,131.97
11/3/2008,131.32
11/4/2008,137.63
11/5/2008,133.27
11/6/2008,128.57
11/7/2008,127.71
11/10/2008,130.57
11/11/2008,125.93
11/12/2008,123.1
11/13/2008,123.53
11/14/2008,124.1
11/17/2008,122.99
11/18/2008,122.35
11/19/2008,121.74
11/20/2008,117.45
11/21/2008,117.7
11/24/2008,123.64
11/25/2008,120.98
11/26/2008,124.07
11/28/2008,122.75
12/1/2008,118.2
12/2/2008,116.35
12/3/2008,114.71
12/4/2008,110.58
12/5/2008,106.09
12/8/2008,109.74
12/9/2008,108.78
12/10/2008,111.46
12/11/2008,114.31
12/12/2008,112.64
12/15/2008,112.64
12/16/2008,113.69
12/17/2008,113.94
12/18/2008,112.28
12/19/2008,111.28
12/22/2008,110.77
12/23/2008,111.45
12/24/2008,110.94
12/26/2008,112.57
12/29/2008,113.44
12/30/2008,113.47
12/31/2008,117.24
1/2/2009,119.81
1/5/2009,120.56
1/6/2009,123.46
1/7/2009,118.92
1/8/2009,117
1/9/2009,118.27
1/12/2009,113.32
1/13/2009,113.46
1/14/2009,111.77
1/15/2009,111.4
1/16/2009,112.83
1/20/2009,110.39
1/21/2009,111.18
1/22/2009,110.29
1/23/2009,113.23
1/26/2009,114.25
1/27/2009,110.31
1/28/2009,111.26
1/29/2009,110.85
1/30/2009,110.93
2/2/2009,109.44
2/3/2009,109.78
2/4/2009,110.25
2/5/2009,111.75
2/6/2009,113.14
2/9/2009,112.82
2/10/2009,110.56
2/11/2009,109.83
2/12/2009,109.05
2/13/2009,108.16
2/17/2009,103.52
2/18/2009,102.55
2/19/2009,104.06
2/20/2009,102.88
2/23/2009,102.58
2/24/2009,103.93
2/25/2009,105.3
2/26/2009,106.69
2/27/2009,105.99
3/2/2009,102
3/3/2009,103.28
3/4/2009,106.81
3/5/2009,104.73
3/6/2009,105.83
3/9/2009,104.83
3/10/2009,104.76
3/11/2009,102.69
3/12/2009,106.11
3/13/2009,105.94
3/16/2009,107.39
3/17/2009,108.27
3/18/2009,106.46
3/19/2009,112.48
3/20/2009,112.81
3/23/2009,114.2
3/24/2009,113.44
3/25/2009,112.43
3/26/2009,112.91
3/27/2009,110.18
3/30/2009,107.16
3/31/2009,109.78
4/1/2009,108.69
4/2/2009,112.3
4/3/2009,113.68
4/6/2009,111.81
4/7/2009,110.7
4/8/2009,111.37
4/9/2009,113.12
4/13/2009,113.16
4/14/2009,113.35
4/15/2009,113.76
4/16/2009,113.27
4/17/2009,113.58
4/20/2009,109.63
4/21/2009,109.78
4/22/2009,110
4/23/2009,109.73
4/24/2009,111.03
4/27/2009,108.6
4/28/2009,107.49
4/29/2009,109.87
4/30/2009,110.57
5/1/2009,114.13
5/4/2009,115.74
5/5/2009,115.26
5/6/2009,118.48
5/7/2009,119.34
5/8/2009,120.83
5/11/2009,120.35
5/12/2009,121.21
5/13/2009,119.71
5/14/2009,120.2
5/15/2009,117.7
5/18/2009,119.85
5/19/2009,119.87
5/20/2009,121.32
5/21/2009,119.5
5/22/2009,120.65
5/26/2009,121.34
5/27/2009,121.45
5/28/2009,123.12
5/29/2009,124.93
6/1/2009,129.15
6/2/2009,128.49
6/3/2009,124.2
6/4/2009,128
6/5/2009,127.06
6/8/2009,125.79
6/9/2009,128.24
6/10/2009,128.3
6/11/2009,131.12
6/12/2009,128.89
6/15/2009,126.03
6/16/2009,125.69
6/17/2009,126.46
6/18/2009,126.26
6/19/2009,124.73
6/22/2009,120.96
6/23/2009,122.81
6/24/2009,123.34
6/25/2009,124.84
6/26/2009,123.92
6/29/2009,124.82
6/30/2009,122.54
7/1/2009,123.6
7/2/2009,121.02
7/6/2009,118.11
7/7/2009,116.25
7/8/2009,113.24
7/9/2009,114.8
7/10/2009,113.99
7/13/2009,114.08
7/14/2009,115.6
7/15/2009,117.49
7/16/2009,118.36
7/17/2009,120.29
7/20/2009,121.62
7/21/2009,120.88
7/22/2009,121.62
7/23/2009,123.12
7/24/2009,123.32
7/27/2009,123.71
7/28/2009,122.51
7/29/2009,119.48
7/30/2009,124.16
7/31/2009,126.48
8/3/2009,131.25
8/4/2009,131.77
8/5/2009,132.92
8/6/2009,130.4
8/7/2009,130.24
8/10/2009,129.79
8/11/2009,128.84
8/12/2009,130.28
8/13/2009,130.96
8/14/2009,127.51
8/17/2009,125.17
8/18/2009,126.09
8/19/2009,127.26
8/20/2009,125.96
8/21/2009,127.59
8/24/2009,128.75
8/25/2009,126.92
8/26/2009,126.52
8/27/2009,126.73
8/28/2009,127.84
8/31/2009,125.72
9/1/2009,123.49
9/2/2009,123.59
9/3/2009,123.6
9/4/2009,122.93
9/8/2009,125.45
9/9/2009,125.36
9/10/2009,125.86
9/11/2009,123.79
9/14/2009,124.1
9/15/2009,126.58
9/16/2009,129.54
9/17/2009,128.95
9/18/2009,127.51
9/21/2009,125.2
9/22/2009,127.36
9/23/2009,126.13
9/24/2009,123.68
9/25/2009,123.37
9/28/2009,123.8
9/29/2009,124.12
9/30/2009,127.68
10/1/2009,125.45
10/2/2009,124.17
10/5/2009,125.55
10/6/2009,127.5
10/7/2009,127.16
10/8/2009,130.47
10/9/2009,129.18
10/12/2009,131.82
10/13/2009,131.4
10/14/2009,132.08
10/15/2009,133.32
10/16/2009,134.32
10/19/2009,136.57
10/20/2009,135.84
10/21/2009,138.91
10/22/2009,137.94
10/23/2009,137.32
10/26/2009,135.14
10/27/2009,134.87
10/28/2009,131.68
10/29/2009,134.77
10/30/2009,131.86
11/2/2009,133.16
11/3/2009,134.6
11/4/2009,134.88
11/5/2009,133.72
11/6/2009,131.42
11/9/2009,133.54
11/10/2009,132.67
11/11/2009,133.41
11/12/2009,131.47
11/13/2009,131.68
11/16/2009,136.08
11/17/2009,136.42
11/18/2009,136.11
11/19/2009,134.71
11/20/2009,134.9
11/23/2009,135.27
11/24/2009,133.96
11/25/2009,137.24
11/27/2009,135.32
11/30/2009,136.49
12/1/2009,137.57
12/2/2009,136.64
12/3/2009,136.13
12/4/2009,134.79
12/7/2009,134.75
12/8/2009,133.73
12/9/2009,131.59
12/10/2009,132.41
12/11/2009,133.15
12/14/2009,134.45
12/15/2009,134.72
12/16/2009,136.73
12/17/2009,135.07
12/18/2009,135.49
12/21/2009,134.94
12/22/2009,134.85
12/23/2009,137.3
12/24/2009,138.03
12/28/2009,140.05
12/29/2009,139.64
12/30/2009,139.47
12/31/2009,139.19
1/4/2010,142.3
1/5/2010,142.11
1/6/2010,145.03
1/7/2010,142.85
1/8/2010,142.41
1/11/2010,142.01
1/12/2010,139.17
1/13/2010,139.99
1/14/2010,139.46
1/15/2010,138.09
1/19/2010,138.48
1/20/2010,136.32
1/21/2010,135.62
1/22/2010,134.9
1/25/2010,135.11
1/26/2010,133.61
1/27/2010,130.93
1/28/2010,130.05
1/29/2010,129.05
2/1/2010,130.66
2/2/2010,133
2/3/2010,131.18
2/4/2010,128.34
2/5/2010,126.56
2/8/2010,127.98
2/9/2010,129.33
2/10/2010,129.89
2/11/2010,131.68
2/12/2010,131
2/16/2010,134.33
2/17/2010,133.93
2/18/2010,134.2
2/19/2010,134.84
2/22/2010,134.37
2/23/2010,132.26
2/24/2010,133.35
2/25/2010,131.64
2/26/2010,133.83
3/1/2010,132.96
3/2/2010,134.39
3/3/2010,135.85
3/4/2010,133.94
3/5/2010,134.68
3/8/2010,134.52
3/9/2010,133.93
3/10/2010,133.61
3/11/2010,132.69
3/12/2010,132.44
3/15/2010,131.36
3/16/2010,132.9
3/17/2010,134.2
3/18/2010,133.56
3/19/2010,132.38
3/22/2010,132.07
3/23/2010,131.79
3/24/2010,130.59
3/25/2010,129.8
3/26/2010,129.7
3/29/2010,132.07
3/30/2010,132.67
3/31/2010,132.15
4/1/2010,133.86
4/5/2010,135.44
4/6/2010,135.1
4/7/2010,135.09
4/8/2010,133.95
4/9/2010,134.73
4/12/2010,134.65
4/13/2010,135.32
4/14/2010,136.56
4/15/2010,136.75
4/16/2010,135.13
4/19/2010,133.24
4/20/2010,134.49
4/21/2010,134.99
4/22/2010,135.38
4/23/2010,136.05
4/26/2010,135.76
4/27/2010,133.36
4/28/2010,133.9
4/29/2010,133.5
4/30/2010,134.7
5/3/2010,135.05
5/4/2010,132.08
5/5/2010,130.18
5/6/2010,128.31
5/7/2010,128.66
5/10/2010,130.23
5/11/2010,130.3
5/12/2010,131.29
5/13/2010,130.97
5/14/2010,127.84
5/17/2010,125.1
5/18/2010,125.77
5/19/2010,124.07
5/20/2010,123.01
5/21/2010,123.35
5/24/2010,124.1
5/25/2010,122.39
5/26/2010,124.34
5/27/2010,126.65
5/28/2010,125.36
6/1/2010,123.96
6/2/2010,123.95
6/3/2010,124.64
6/4/2010,122.02
6/7/2010,122.3
6/8/2010,122.82
6/9/2010,123.64
6/10/2010,124.18
6/11/2010,125.06
6/14/2010,127.16
6/15/2010,128.79
6/16/2010,128.78
6/17/2010,128.82
6/18/2010,128.45
6/21/2010,128.4
6/22/2010,127.82
6/23/2010,126.58
6/24/2010,127.11
6/25/2010,128.75
6/28/2010,127.61
6/29/2010,124.23
6/30/2010,125.75
7/1/2010,124.71
7/2/2010,123.99
7/6/2010,123.98
7/7/2010,125.86
7/8/2010,126.35
7/9/2010,126.94
7/12/2010,125.77
7/13/2010,127.12
7/14/2010,127.27
7/15/2010,128.92
7/16/2010,127.56
7/19/2010,127.04
7/20/2010,127.52
7/21/2010,127.94
7/22/2010,130.29
7/23/2010,129.9
7/26/2010,129.77
7/27/2010,128.79
7/28/2010,129.93
7/29/2010,131.82
7/30/2010,134.25
8/2/2010,135.6
8/3/2010,135.32
8/4/2010,137.01
8/5/2010,136.85
8/6/2010,135.32
8/9/2010,134.99
8/10/2010,133.64
8/11/2010,132.3
8/12/2010,132.79
8/13/2010,132.76
8/16/2010,132.04
8/17/2010,133
8/18/2010,132.92
8/19/2010,132.12
8/20/2010,131.39
8/23/2010,130.99
8/24/2010,129.34
8/25/2010,128.78
8/26/2010,130.15
8/27/2010,131.58
8/30/2010,132.16
8/31/2010,130.81
9/1/2010,132.46
9/2/2010,133.56
9/3/2010,134.99
9/7/2010,135.41
9/8/2010,135.43
9/9/2010,135.05
9/10/2010,135.62
9/13/2010,136.85
9/14/2010,137.96
9/15/2010,137.61
9/16/2010,137.45
9/17/2010,138.42
9/20/2010,138.2
9/21/2010,137.25
9/22/2010,138.03
9/23/2010,138.55
9/24/2010,140.23
9/27/2010,139.81
9/28/2010,139.68
9/29/2010,140.19
9/30/2010,140.29
10/1/2010,139.14
10/4/2010,138.47
10/5/2010,140.98
10/6/2010,141.43
10/7/2010,139.89
10/8/2010,144.39
10/11/2010,145.11
10/12/2010,146.03
10/13/2010,146.83
10/14/2010,146.92
10/15/2010,145.67
10/18/2010,146.21
10/19/2010,143.47
10/20/2010,146.3
10/21/2010,144.47
10/22/2010,144.84
10/25/2010,146.26
10/26/2010,147.08
10/27/2010,146.02
10/28/2010,146.86
10/29/2010,147.27
11/1/2010,147.28
11/2/2010,148.4
11/3/2010,148.16
11/4/2010,152.16
11/5/2010,153.21
11/8/2010,153.8
11/9/2010,155.87
11/10/2010,154.19
11/11/2010,153.74
11/12/2010,147.8
11/15/2010,148.86
11/16/2010,143.15
11/17/2010,143.12
11/18/2010,146.56
11/19/2010,145.1
11/22/2010,145
11/23/2010,145.13
11/24/2010,147.09
11/26/2010,146.34
11/29/2010,146.72
11/30/2010,146.73
12/1/2010,150.72
12/2/2010,151.82
12/3/2010,153.81
12/6/2010,154.21
12/7/2010,153.57
12/8/2010,154.21
12/9/2010,153.86
12/10/2010,153.42
12/13/2010,155.99
12/14/2010,155.47
12/15/2010,154.61
12/16/2010,153.51
12/17/2010,155.19
12/20/2010,156.97
12/21/2010,157.85
12/22/2010,158.68
12/23/2010,158.89
12/27/2010,159.06
12/28/2010,160.58
12/29/2010,160.65
12/30/2010,159.69
12/31/2010,162.39
1/3/2011,162.44
1/4/2011,160.01
1/5/2011,160.73
1/6/2011,158.91
1/7/2011,157.86
1/10/2011,158.71
1/11/2011,160.37
1/12/2011,162.61
1/13/2011,161.88
1/14/2011,161.67
1/18/2011,162.08
1/19/2011,161.83
1/20/2011,160.97
1/21/2011,161.91
1/24/2011,160.88
1/25/2011,158.12
1/26/2011,160.48
1/27/2011,159.46
1/28/2011,161.29
1/31/2011,164
2/1/2011,164.58
2/2/2011,165.34
2/3/2011,164.25
2/4/2011,163.98
2/7/2011,162.76
2/8/2011,162.88
2/9/2011,163.8
2/10/2011,163.26
2/11/2011,162.46
2/14/2011,162.98
2/15/2011,161.64
2/16/2011,161.72
2/17/2011,163.05
2/18/2011,162.98
2/22/2011,161.87
2/23/2011,163.47
2/24/2011,162.35
2/25/2011,165.34
2/28/2011,166.14
3/1/2011,166.98
3/2/2011,167.88
3/3/2011,168.26
3/4/2011,169.28
3/7/2011,168.45
3/8/2011,167.41
3/9/2011,166.72
3/10/2011,164.4
3/11/2011,163.35
3/14/2011,163.14
3/15/2011,157.58
3/16/2011,157.78
3/17/2011,162.88
3/18/2011,164.81
3/21/2011,165.53
3/22/2011,166.8
3/23/2011,167.58
3/24/2011,168.34
3/25/2011,168.74
3/28/2011,166.62
3/29/2011,166.55
3/30/2011,166.58
3/31/2011,169.56
4/1/2011,170.02
4/4/2011,170.85
4/5/2011,171.25
4/6/2011,171.44
4/7/2011,171.4
4/8/2011,173.88
4/11/2011,172.86
4/12/2011,169.24
4/13/2011,169.4
4/14/2011,169.9
4/15/2011,170.67
4/18/2011,169.82
4/19/2011,170.8
4/20/2011,172.71
4/21/2011,174.22
4/25/2011,174.52
4/26/2011,173.7
4/27/2011,173.1
4/28/2011,173.02
4/29/2011,175.42
5/2/2011,174.19
5/3/2011,172.19
5/4/2011,168.91
5/5/2011,161.02
5/6/2011,159.5
5/9/2011,162.57
5/10/2011,164.6
5/11/2011,159.66
5/12/2011,159.87
5/13/2011,159.84
5/16/2011,159.22
5/17/2011,158.91
5/18/2011,162.88
5/19/2011,160.86
5/20/2011,162.35
5/23/2011,160.76
5/24/2011,161.49
5/25/2011,163.81
5/26/2011,163.49
5/27/2011,165.35
5/31/2011,166.54
6/1/2011,164.98
6/2/2011,165.68
6/3/2011,165.89
6/6/2011,164.69
6/7/2011,165.26
6/8/2011,166.23
6/9/2011,166.74
6/10/2011,165.6
6/13/2011,163.68
6/14/2011,164.25
6/15/2011,161.32
6/16/2011,159.89
6/17/2011,159
6/20/2011,158.92
6/21/2011,160.11
6/22/2011,159.57
6/23/2011,155.97
6/24/2011,155.51
6/27/2011,154.66
6/28/2011,157.21
6/29/2011,159.03
6/30/2011,158.13
7/1/2011,156.87
7/5/2011,159.43
7/6/2011,158.73
7/7/2011,161.09
7/8/2011,160.83
7/11/2011,160
7/12/2011,161.97
7/13/2011,164.66
7/14/2011,163.37
7/15/2011,164.54
7/18/2011,164.04
7/19/2011,165.02
7/20/2011,164.53
7/21/2011,163.56
7/22/2011,165.28
7/25/2011,164.6
7/26/2011,165.83
7/27/2011,165.03
7/28/2011,164.05
7/29/2011,162.81
8/1/2011,162.48
8/2/2011,163.45
8/3/2011,161.8
8/4/2011,157.29
8/5/2011,156.15
8/8/2011,153.06
8/9/2011,152.83
8/10/2011,154.78
8/11/2011,157.29
8/12/2011,157.03
8/15/2011,158.39
8/16/2011,158.38
8/17/2011,159.7
8/18/2011,157.09
8/19/2011,159
8/22/2011,159.88
8/23/2011,160.69
8/24/2011,158.37
8/25/2011,159.28
8/26/2011,161.14
8/29/2011,161.41
8/30/2011,163.43
8/31/2011,164.43
9/1/2011,162.91
9/2/2011,162.51
9/6/2011,161.22
9/7/2011,162.27
9/8/2011,162.75
9/9/2011,160.6
9/12/2011,159.73
9/13/2011,160.19
9/14/2011,159.68
9/15/2011,158.28
9/16/2011,157.48
9/19/2011,154.71
9/20/2011,155.25
9/21/2011,154
9/22/2011,147.21
9/23/2011,143.09
9/26/2011,143.26
9/27/2011,147.08
9/28/2011,143.23
9/29/2011,143.96
9/30/2011,140.2
10/3/2011,140.3
10/4/2011,138.35
10/5/2011,140.4
10/6/2011,142.79
10/7/2011,141.81
10/10/2011,144.32
10/11/2011,145.9
10/12/2011,146.07
10/13/2011,145.57
10/14/2011,148.21
10/17/2011,147.16
10/18/2011,146.89
10/19/2011,144.93
10/20/2011,143.45
10/21/2011,144.95
10/24/2011,147.81
10/25/2011,148.72
10/26/2011,147.23
10/27/2011,150.86
10/28/2011,150.87
10/31/2011,149.48
11/1/2011,147.23
11/2/2011,147.56
11/3/2011,149.52
11/4/2011,149.48
11/7/2011,149.68
11/8/2011,150.71
11/9/2011,148.68
11/10/2011,148.15
11/11/2011,148.93
11/14/2011,147.89
11/15/2011,148.94
11/16/2011,149.19
11/17/2011,145.47
11/18/2011,144.9
11/21/2011,143.08
11/22/2011,144.34
11/23/2011,142.43
11/25/2011,141.74
11/28/2011,143.02
11/29/2011,144.41
11/30/2011,146.16
12/1/2011,145.9
12/2/2011,146.29
12/5/2011,145.51
12/6/2011,145.84
12/7/2011,144.61
12/8/2011,143.48
12/9/2011,142.98
12/12/2011,140.77
12/13/2011,141.64
12/14/2011,136.53
12/15/2011,136.26
12/16/2011,137.01
12/19/2011,137.26
12/20/2011,139.57
12/21/2011,140.38
12/22/2011,141.09
12/23/2011,141.2
12/27/2011,142.13
12/28/2011,140.69
12/29/2011,139.98
12/30/2011,140.68
1/3/2012,144.16
1/4/2012,144.49
1/5/2012,142.34
1/6/2012,142.55
1/9/2012,143.08
1/10/2012,144.21
1/11/2012,143.17
1/12/2012,141.61
1/13/2012,140.51
1/17/2012,141.48
1/18/2012,141.15
1/19/2012,141.59
1/20/2012,141.24
1/23/2012,143.53
1/24/2012,143.99
1/25/2012,145.6
1/26/2012,146.25
1/27/2012,146.62
1/30/2012,145.05
1/31/2012,144.16
2/1/2012,144.32
2/2/2012,144.45
2/3/2012,145.54
2/6/2012,145.84
2/7/2012,146.04
2/8/2012,145.89
2/9/2012,146.55
2/10/2012,144.89
2/13/2012,145.28
2/14/2012,144.92
2/15/2012,144.7
2/16/2012,145.21
2/17/2012,145.76
2/21/2012,147.72
2/22/2012,148.29
2/23/2012,148.59
2/24/2012,149.35
2/27/2012,149.05
2/28/2012,148.72
2/29/2012,148.04
3/1/2012,148.56
3/2/2012,147.69
3/5/2012,146.39
3/6/2012,143.96
3/7/2012,143.7
3/8/2012,144.22
3/9/2012,145.4
3/12/2012,144.88
3/13/2012,145.98
3/14/2012,144.63
3/15/2012,145.58
3/16/2012,146.23
3/19/2012,146.48
3/20/2012,144.33
3/21/2012,144.36
3/22/2012,142.94
3/23/2012,144.06
3/26/2012,144.47
3/27/2012,144
3/28/2012,142.23
3/29/2012,139.94
3/30/2012,141.9
4/2/2012,143.77
4/3/2012,143.6
4/4/2012,140.85
4/5/2012,141.66
4/9/2012,141.16
4/10/2012,139.38
4/11/2012,139.63
4/12/2012,141.35
4/13/2012,139.46
4/16/2012,138.24
4/17/2012,138.46
4/18/2012,137.17
4/19/2012,137.52
4/20/2012,138.2
4/23/2012,137.91
4/24/2012,138.14
4/25/2012,138.8
4/26/2012,139.56
4/27/2012,140.63
4/30/2012,141.29
5/1/2012,141.53
5/2/2012,139.21
5/3/2012,138.38
5/4/2012,137.14
5/7/2012,137.31
5/8/2012,136.27
5/9/2012,135.91
5/10/2012,136.01
5/11/2012,134.75
5/14/2012,133.12
5/15/2012,133.88
5/16/2012,134.32
5/17/2012,135.05
5/18/2012,136
5/21/2012,135.72
5/22/2012,134.45
5/23/2012,132.36
5/24/2012,132.39
5/25/2012,132.61
5/29/2012,131.13
5/30/2012,129.42
5/31/2012,128.38
6/1/2012,126.81
6/4/2012,127.55
6/5/2012,127.67
6/6/2012,129.44
6/7/2012,129.24
6/8/2012,128.8
6/11/2012,128.34
6/12/2012,128.19
6/13/2012,127.35
6/14/2012,128.83
6/15/2012,128.79
6/18/2012,130.13
6/19/2012,131.45
6/20/2012,130.41
6/21/2012,127.83
6/22/2012,128.27
6/25/2012,130.56
6/26/2012,131.24
6/27/2012,131.98
6/28/2012,130.5
6/29/2012,135.42
7/2/2012,135.67
7/3/2012,139.31
7/5/2012,140.09
7/6/2012,136.89
7/9/2012,139.64
7/10/2012,137.5
7/11/2012,138.38
7/12/2012,138.8
7/13/2012,140.34
7/16/2012,141.71
7/17/2012,141.45
7/18/2012,143.35
7/19/2012,145.84
7/20/2012,146.19
7/23/2012,143.68
7/24/2012,142.11
7/25/2012,142.93
7/26/2012,142.42
7/27/2012,143.48
7/30/2012,145.62
7/31/2012,144.17
8/1/2012,143.38
8/2/2012,140.74
8/3/2012,142.92
8/6/2012,143.02
8/7/2012,143.66
8/8/2012,143.99
8/9/2012,144.74
8/10/2012,143.2
8/13/2012,141.65
8/14/2012,141.84
8/15/2012,142.27
8/16/2012,142.72
8/17/2012,143.11
8/20/2012,144.09
8/21/2012,145.83
8/22/2012,146.12
8/23/2012,145.98
8/24/2012,145.36
8/27/2012,144.69
8/28/2012,144.41
8/29/2012,145.23
8/30/2012,145.04
8/31/2012,146.03
9/4/2012,146.57
9/5/2012,145.65
9/6/2012,145.99
9/7/2012,147.26
9/10/2012,147.84
9/11/2012,148.67
9/12/2012,149.49
9/13/2012,150.51
9/14/2012,152.01
9/17/2012,148.7
9/18/2012,147.42
9/19/2012,147.04
9/20/2012,146.3
9/21/2012,147.65
9/24/2012,146.33
9/25/2012,146.89
9/26/2012,145.55
9/27/2012,146.92
9/28/2012,148.51
10/1/2012,149.29
10/2/2012,148.98
10/3/2012,147.27
10/4/2012,148.82
10/5/2012,147.79
10/8/2012,147.01
10/9/2012,147.81
10/10/2012,147.1
10/11/2012,148.77
10/12/2012,146.92
10/15/2012,145.38
10/16/2012,145.65
10/17/2012,146.78
10/18/2012,147.64
10/19/2012,146.37
10/22/2012,145.13
10/23/2012,144.17
10/24/2012,143.79
10/25/2012,143.52
10/26/2012,143
10/29/2012,142.51
10/30/2012,142.22
10/31/2012,142.74
11/1/2012,143.08
11/2/2012,140.37
11/5/2012,140.23
11/6/2012,142.47
11/7/2012,140.99
11/8/2012,141.55
11/9/2012,140.79
11/12/2012,140.43
11/13/2012,140.96
11/14/2012,141.5
11/15/2012,140.64
11/16/2012,140.95
11/19/2012,142.7
11/20/2012,142.69
11/21/2012,143.11
11/23/2012,144.08
11/26/2012,143.31
11/27/2012,144.03
11/28/2012,143.2
11/29/2012,143.56
11/30/2012,142.8
12/3/2012,143.38
12/4/2012,142.1
12/5/2012,143.21
12/6/2012,142.46
12/7/2012,141.51
12/10/2012,141.17
12/11/2012,140.62
12/12/2012,140.9
12/13/2012,139.63
12/14/2012,140.54
12/17/2012,140.46
12/18/2012,140.33
12/19/2012,139.55
12/20/2012,138.91
12/21/2012,139.26
12/24/2012,138.66
12/26/2012,139.13
12/27/2012,139.12
12/28/2012,139.08
12/31/2012,139.07
1/2/2013,139.69
1/3/2013,138.68
1/4/2013,137.73
1/7/2013,137.96
1/8/2013,137.92
1/9/2013,137.3
1/10/2013,138.45
1/11/2013,138.55
1/14/2013,139.62
1/15/2013,139.92
1/16/2013,140.02
1/17/2013,140.85
1/18/2013,141.48
1/22/2013,141.89
1/23/2013,141.6
1/24/2013,141.06
1/25/2013,140.65
1/28/2013,140.53
1/29/2013,140.98
1/30/2013,142.96
1/31/2013,142.4
2/1/2013,142.89
2/4/2013,142.43
2/5/2013,142.86
2/6/2013,142.42
2/7/2013,141.18
2/8/2013,141.21
2/11/2013,140.51
2/12/2013,140.26
2/13/2013,140.49
2/14/2013,139.61
2/15/2013,139.2
2/19/2013,139.24
2/20/2013,138.41
2/21/2013,136.83
2/22/2013,136.69
2/25/2013,137.12
2/26/2013,137.08
2/27/2013,136.59
2/28/2013,136.57
3/1/2013,135.77
3/4/2013,135.95
3/5/2013,136.5
3/6/2013,135.47
3/7/2013,136.77
3/8/2013,137.25
3/11/2013,137.41
3/12/2013,137.76
3/13/2013,137.29
3/14/2013,138.23
3/15/2013,138.37
3/18/2013,137.52
3/19/2013,137.38
3/20/2013,138.14
3/21/2013,138
3/22/2013,138.01
3/25/2013,137.79
3/26/2013,138.5
3/27/2013,139.33
3/28/2013,137.48
4/1/2013,136.36
4/2/2013,135.52
4/3/2013,133.93
4/4/2013,133.64
4/5/2013,134.08
4/8/2013,134.49
4/9/2013,135.3
4/10/2013,135.03
4/11/2013,135.02
4/12/2013,133.85
4/15/2013,129.94
4/16/2013,131.11
4/17/2013,130.32
4/18/2013,131.61
4/19/2013,131.51
4/22/2013,130.96
4/23/2013,130.09
4/24/2013,130.61
4/25/2013,132.62
4/26/2013,131.92
4/29/2013,134.38
4/30/2013,133.63
5/1/2013,131.33
5/2/2013,131.6
5/3/2013,133.12
5/6/2013,132.7
5/7/2013,132.03
5/8/2013,132.94
5/9/2013,133.38
5/10/2013,131.94
5/13/2013,132.2
5/14/2013,131.92
5/15/2013,131.3
5/16/2013,130.9
5/17/2013,131.7
5/20/2013,132.5
5/21/2013,132.39
5/22/2013,132.31
5/23/2013,132.56
5/24/2013,131.98
5/28/2013,132.42
5/29/2013,131.85
5/30/2013,131.31
5/31/2013,130.63
6/3/2013,131.82
6/4/2013,132.13
6/5/2013,132.18
6/6/2013,131.75
6/7/2013,131.3
6/10/2013,130.59
6/11/2013,129.95
6/12/2013,130.11
6/13/2013,130.08
6/14/2013,130.37
6/17/2013,130.76
6/18/2013,130.9
6/19/2013,131.97
6/20/2013,128.06
6/21/2013,127.28
6/24/2013,126.42
6/25/2013,126.41
6/26/2013,125.74
6/27/2013,125.33
6/28/2013,124.47
7/1/2013,125.39
7/2/2013,125.98
7/3/2013,126.8
7/5/2013,125.54
7/8/2013,126.93
7/9/2013,127.27
7/10/2013,128.3
7/11/2013,128.61
7/12/2013,128.45
7/15/2013,128.37
7/16/2013,129.06
7/17/2013,128.42
7/18/2013,129.49
7/19/2013,129.66
7/22/2013,129.86
7/23/2013,129.68
7/24/2013,128.5
7/25/2013,127.78
7/26/2013,126.62
7/29/2013,126.17
7/30/2013,125.27
7/31/2013,126.16
8/1/2013,126.26
8/2/2013,125.68
8/5/2013,125.02
8/6/2013,124.28
8/7/2013,123.73
8/8/2013,125.02
8/9/2013,125.57
8/12/2013,127.24
8/13/2013,127.06
8/14/2013,128
8/15/2013,129.53
8/16/2013,129.61
8/19/2013,130.2
8/20/2013,129.49
8/21/2013,129.07
8/22/2013,129
8/23/2013,130.18
8/26/2013,131.45
8/27/2013,132.27
8/28/2013,132.37
8/29/2013,131.62
8/30/2013,130.44
9/3/2013,131.65
9/4/2013,130.29
9/5/2013,129.77
9/6/2013,130.77
9/9/2013,130.34
9/10/2013,129.29
9/11/2013,129.43
9/12/2013,129.91
9/13/2013,129.32
9/16/2013,128.89
9/17/2013,128.02
9/18/2013,128.92
9/19/2013,130
9/20/2013,128.29
9/23/2013,127.59
9/24/2013,126.85
9/25/2013,127.45
9/26/2013,127.81
9/27/2013,128.01
9/30/2013,127.11
10/1/2013,126.28
10/2/2013,127.23
10/3/2013,126.91
10/4/2013,127.26
10/7/2013,128.11
10/8/2013,128.52
10/9/2013,127.4
10/10/2013,128.17
10/11/2013,127.78
10/14/2013,128.32
10/15/2013,127.76
10/16/2013,128.26
10/17/2013,128.19
10/18/2013,128.69
10/21/2013,128.12
10/22/2013,128.11
10/23/2013,127.11
10/24/2013,127.19
10/25/2013,127.51
10/28/2013,126.91
10/29/2013,126.49
10/30/2013,126.64
10/31/2013,125.23
11/1/2013,123.87
11/4/2013,123.2
11/5/2013,122.79
11/6/2013,123
11/7/2013,122.69
11/8/2013,123.26
11/11/2013,123.53
11/12/2013,123.11
11/13/2013,122.83
11/14/2013,123.23
11/15/2013,123.21
11/18/2013,122.42
11/19/2013,122
11/20/2013,122.43
11/21/2013,123.29
11/22/2013,123.81
11/25/2013,123.89
11/26/2013,123.83
11/27/2013,123.55
11/29/2013,124.22
12/2/2013,123.89
12/3/2013,124.21
12/4/2013,125.05
12/5/2013,125.22
12/6/2013,125.38
12/9/2013,125.98
12/10/2013,126.52
12/11/2013,127.06
12/12/2013,126.33
12/13/2013,126.11
12/16/2013,126.34
12/17/2013,126.04
12/18/2013,126.03
12/19/2013,126.73
12/20/2013,127.59
12/23/2013,127.34
12/24/2013,127.48
12/26/2013,127.48
12/27/2013,127.61
12/30/2013,127.14
12/31/2013,125.75
1/2/2014,125.4
1/3/2014,124.91
1/6/2014,125.06
1/7/2014,124.87
1/8/2014,123.68
1/9/2014,122.33
1/10/2014,123.64
1/13/2014,124.52
1/14/2014,124.8
1/15/2014,124.91
1/16/2014,125.15
1/17/2014,125.16
1/21/2014,124.95
1/22/2014,125.77
1/23/2014,125.97
1/24/2014,127
1/27/2014,125.51
1/28/2014,126.38
1/29/2014,127.59
1/30/2014,126.33
1/31/2014,126.12
2/3/2014,126.4
2/4/2014,128.34
2/5/2014,128.07
2/6/2014,128.08
2/7/2014,128.48
2/10/2014,127.91
2/11/2014,128.85
2/12/2014,129.33
2/13/2014,130.09
2/14/2014,130.66
2/18/2014,132.84
2/19/2014,133.71
2/20/2014,133.35
2/21/2014,133.69
2/24/2014,133.89
2/25/2014,133.96
2/26/2014,133.48
2/27/2014,133.33
2/28/2014,133.98
3/3/2014,135.34
3/4/2014,135.98
3/5/2014,135.65
3/6/2014,136.76
3/7/2014,136.14
3/10/2014,135.37
3/11/2014,135.18
3/12/2014,135.03
3/13/2014,134.58
3/14/2014,134.9
3/17/2014,134.12
3/18/2014,134.75
3/19/2014,134.89
3/20/2014,133.27
3/21/2014,132.94
3/24/2014,133.08
3/25/2014,133.66
3/26/2014,133.44
3/27/2014,134.6
3/28/2014,134.75
3/31/2014,134.52
4/1/2014,133.69
4/2/2014,133.4
4/3/2014,134.28
4/4/2014,134.75
4/7/2014,134.61
4/8/2014,136.04
4/9/2014,136.47
4/10/2014,136.98
4/11/2014,136.4
4/14/2014,137.37
4/15/2014,136.82
4/16/2014,137.06
4/17/2014,137.68
4/21/2014,136.91
4/22/2014,137.4
4/23/2014,137.62
4/24/2014,138.15
4/25/2014,138.05
4/28/2014,137.81
4/29/2014,138.67
4/30/2014,137.8
5/1/2014,136.28
5/2/2014,136.68
5/5/2014,136.82
5/6/2014,137.2
5/7/2014,136.58
5/8/2014,136.28
5/9/2014,135.76
5/12/2014,136.05
5/13/2014,136.3
5/14/2014,136.61
5/15/2014,135.79
5/16/2014,135.23
5/19/2014,135.72
5/20/2014,135.6
5/21/2014,135.64
5/22/2014,135.6
5/23/2014,135.71
5/27/2014,134.79
5/28/2014,134.79
5/29/2014,134.74
5/30/2014,133.83
6/2/2014,133.98
6/3/2014,133.59
6/4/2014,133.29
6/5/2014,133.29
6/6/2014,133.71
6/9/2014,133.8
6/10/2014,133.29
6/11/2014,132.84
6/12/2014,134.28
6/13/2014,134.77
6/16/2014,134.71
6/17/2014,134.66
6/18/2014,134.87
6/19/2014,136.27
6/20/2014,136.55
6/23/2014,136.15
6/24/2014,136.34
6/25/2014,136.63
6/26/2014,136.36
6/27/2014,135.89
6/30/2014,134.63
7/1/2014,134.23
7/2/2014,134.29
7/3/2014,134.22
7/7/2014,132.66
7/8/2014,132.36
7/9/2014,131.55
7/10/2014,131.14
7/11/2014,130.19
7/14/2014,130.17
7/15/2014,129.48
7/16/2014,129.77
7/17/2014,129.98
7/18/2014,129.29
7/21/2014,129.37
7/22/2014,128.81
7/23/2014,129.16
7/24/2014,129.05
7/25/2014,129.3
7/28/2014,129.34
7/29/2014,128.63
7/30/2014,128.45
7/31/2014,127.91
8/1/2014,127.09
8/4/2014,127.91
8/5/2014,127.23
8/6/2014,128.22
8/7/2014,127.73
8/8/2014,127.33
8/11/2014,127.68
8/12/2014,126.87
8/13/2014,126.27
8/14/2014,125.65
8/15/2014,125.71
8/18/2014,125.13
8/19/2014,124.98
8/20/2014,125.27
8/21/2014,125.49
8/22/2014,125.42
8/25/2014,125.4
8/26/2014,125.89
8/27/2014,126.01
8/28/2014,126.33
8/29/2014,126.57
9/2/2014,125.3
9/3/2014,125.17
9/4/2014,124.67
9/5/2014,124.85
9/8/2014,124.24
9/9/2014,123.48
9/10/2014,122.64
9/11/2014,121.63
9/12/2014,121.3
9/15/2014,121.36
9/16/2014,122.26
9/17/2014,122.04
9/18/2014,120.48
9/19/2014,119.49
9/22/2014,118.63
9/23/2014,118.6
9/24/2014,119.53
9/25/2014,119.08
9/26/2014,119.18
9/29/2014,120.42
9/30/2014,118.69
10/1/2014,118.56
10/2/2014,118.22
10/3/2014,118.02
10/6/2014,119.58
10/7/2014,119.86
10/8/2014,118.8
10/9/2014,118.83
10/10/2014,118.2
10/13/2014,119.04
10/14/2014,118.4
10/15/2014,117
10/16/2014,117.55
10/17/2014,117.45
10/20/2014,116.61
10/21/2014,117.47
10/22/2014,116.65
10/23/2014,117.24
10/24/2014,116.58
10/27/2014,116.83
10/28/2014,117.76
10/29/2014,119.08
10/30/2014,117.95
10/31/2014,117.74
11/3/2014,117.72
11/4/2014,116.48
11/5/2014,116.3
11/6/2014,116.99
11/7/2014,117.68
11/10/2014,116.54
11/11/2014,117.56
11/12/2014,117.32
11/13/2014,115.94
11/14/2014,116.88
11/17/2014,117.48
11/18/2014,116.78
11/19/2014,117.1
11/20/2014,117.92
11/21/2014,118.11
11/24/2014,117.22
11/25/2014,117.69
11/26/2014,117.49
11/28/2014,112.95
12/1/2014,114.8
12/2/2014,112.51
12/3/2014,112.16
12/4/2014,112.2
12/5/2014,112.2
12/8/2014,110.67
12/9/2014,111.99
12/10/2014,110.88
12/11/2014,110.68
12/12/2014,110.77
12/15/2014,109.78
12/16/2014,108.26
12/17/2014,108.85
12/18/2014,108.52
12/19/2014,108.66
12/22/2014,107.02
12/23/2014,107.6
12/24/2014,106.16
12/26/2014,106.49
12/29/2014,106.11
12/30/2014,106.1
12/31/2014,104.33
1/2/2015,103.86
1/5/2015,103.87
1/6/2015,104.08
1/7/2015,103.53
1/8/2015,103.64
1/9/2015,103.62
1/12/2015,101.9
1/13/2015,101.29
1/14/2015,102.35
1/15/2015,101.72
1/16/2015,103.31
1/20/2015,101.5
1/21/2015,102.55
1/22/2015,101.59
1/23/2015,101.13
1/26/2015,100.75
1/27/2015,101.32
1/28/2015,100.25
1/29/2015,98.76
1/30/2015,100.84
2/2/2015,101.32
2/3/2015,104.02
2/4/2015,101.61
2/5/2015,102.48
2/6/2015,102.65
2/9/2015,103.57
2/10/2015,102.12
2/11/2015,101.62
2/12/2015,103.01
2/13/2015,104.47
2/17/2015,103.98
2/18/2015,103.21
2/19/2015,103.22
2/20/2015,102.73
2/23/2015,101.73
2/24/2015,101.97
2/25/2015,102.79
2/26/2015,102.1
2/27/2015,103.44
3/2/2015,101.89
3/3/2015,102.1
3/4/2015,102.05
3/5/2015,101.7
3/6/2015,100.77
3/9/2015,100.34
3/10/2015,99.14
3/11/2015,99.38
3/12/2015,99
3/13/2015,97.58
3/16/2015,97.33
3/17/2015,96.96
3/18/2015,98.19
3/19/2015,97.99
3/20/2015,99.55
3/23/2015,100.13
3/24/2015,100
3/25/2015,100.31
3/26/2015,101.05
3/27/2015,99.37
3/30/2015,99.29
3/31/2015,98.12
4/1/2015,99.9
4/2/2015,99.69
4/6/2015,100.95
4/7/2015,101.38
4/8/2015,99.22
4/9/2015,98.8
4/10/2015,99.47
4/13/2015,99.06
4/14/2015,99.67
4/15/2015,101.44
4/16/2015,102.31
4/17/2015,101.82
4/20/2015,101.17
4/21/2015,100.74
4/22/2015,100.64
4/23/2015,101.61
4/24/2015,101.59
4/27/2015,101.77
4/28/2015,102.06
4/29/2015,103.06
4/30/2015,103.75
5/1/2015,103.4
5/4/2015,103.7
5/5/2015,104.73
5/6/2015,104.56
5/7/2015,103.1
5/8/2015,104.1
5/11/2015,103.4
5/12/2015,104.65
5/13/2015,104.98
5/14/2015,105.49
5/15/2015,105.35
5/18/2015,105.09
5/19/2015,102.8
5/20/2015,102.94
5/21/2015,103.75
5/22/2015,102.5
5/26/2015,100.77
5/27/2015,100
5/28/2015,100.16
5/29/2015,100.95
6/1/2015,101.06
6/2/2015,102.07
6/3/2015,100.99
6/4/2015,100.05
6/5/2015,100.25
6/8/2015,100.6
6/9/2015,102.17
6/10/2015,102.71
6/11/2015,101.49
6/12/2015,100.58
6/15/2015,100.27
6/16/2015,100.52
6/17/2015,100.52
6/18/2015,100.6
6/19/2015,99.84
6/22/2015,100.05
6/23/2015,100.72
6/24/2015,100.47
6/25/2015,100.9
6/26/2015,101.13
6/29/2015,100.73
6/30/2015,102.69
7/1/2015,101.6
7/2/2015,101.86
7/6/2015,99.11
7/7/2015,97.6
7/8/2015,97.84
7/9/2015,99.04
7/10/2015,99.33
7/13/2015,99.58
7/14/2015,99.4
7/15/2015,98.48
7/16/2015,98.08
7/17/2015,97.57
7/20/2015,96.2
7/21/2015,96.36
7/22/2015,95.32
7/23/2015,94.39
7/24/2015,93.29
7/27/2015,92.15
7/28/2015,92.9
7/29/2015,93.05
7/30/2015,92.62
7/31/2015,91.78
8/3/2015,90.43
8/4/2015,91.12
8/5/2015,90.83
8/6/2015,90.53
8/7/2015,90.48
8/10/2015,92.62
8/11/2015,91.12
8/12/2015,90.83
8/13/2015,90.45
8/14/2015,90.36
8/17/2015,89.81
8/18/2015,89.29
8/19/2015,88.53
8/20/2015,89.23
8/21/2015,87.8
8/24/2015,85.85
8/25/2015,86.28
8/26/2015,85.14
8/27/2015,87.72
8/28/2015,89.36
8/31/2015,90.93
9/1/2015,88.74
9/2/2015,88.93
9/3/2015,89.42
9/4/2015,88.49
9/8/2015,89.35
9/9/2015,88.22
9/10/2015,89.15
9/11/2015,88.93
9/14/2015,88.57
9/15/2015,88.57
9/16/2015,89.46
9/17/2015,89.03
9/18/2015,87.73
9/21/2015,88.56
9/22/2015,87.67
9/23/2015,87.19
9/24/2015,87.87
9/25/2015,88.49
9/28/2015,87.33
9/29/2015,87.56
9/30/2015,87.82
10/1/2015,87.13
10/2/2015,87.89
10/5/2015,88.8
10/6/2015,90.27
10/7/2015,90.11
10/8/2015,90.35
10/9/2015,91.01
10/12/2015,90.05
10/13/2015,89.98
10/14/2015,90.14
10/15/2015,89.84
10/16/2015,89.78
10/19/2015,88.52
10/20/2015,88.83
10/21/2015,88.18
10/22/2015,88.17
10/23/2015,87.45
10/26/2015,86.96
10/27/2015,86.62
10/28/2015,87.64
10/29/2015,86.87
10/30/2015,87.43
11/2/2015,86.87
11/3/2015,87.69
11/4/2015,86.51
11/5/2015,85.83
11/6/2015,85.23
11/9/2015,84.24
11/10/2015,84.04
11/11/2015,83.62
11/12/2015,82.87
11/13/2015,82.43
11/16/2015,82.46
11/17/2015,81.74
11/18/2015,81.57
11/19/2015,81.74
11/20/2015,81.42
11/23/2015,81.5
11/24/2015,82.14
11/25/2015,82.27
11/27/2015,81.1
11/30/2015,81.08
12/1/2015,81.75
12/2/2015,80.37
12/3/2015,81.3
12/4/2015,81.7
12/7/2015,79.51
12/8/2015,79.17
12/9/2015,79.25
12/10/2015,79.15
12/11/2015,78.42
12/14/2015,77.96
12/15/2015,77.58
12/16/2015,77.08
12/17/2015,76.6
12/18/2015,77.45
12/21/2015,77.7
12/22/2015,77.17
12/23/2015,78.11
12/24/2015,78.49
12/28/2015,77.88
12/29/2015,79.04
12/30/2015,78.09
12/31/2015,78.56
1/4/2016,77.91
1/5/2016,77.66
1/6/2016,76.64
1/7/2016,76.68
1/8/2016,76.73
1/11/2016,75.12
1/12/2016,74.43
1/13/2016,74.63
1/14/2016,74.56
1/15/2016,73.49
1/19/2016,73.61
1/20/2016,72.88
1/21/2016,73.79
1/22/2016,75.24
1/25/2016,74.5
1/26/2016,75.5
1/27/2016,76.12
1/28/2016,76.1
1/29/2016,77.22
2/1/2016,75.95
2/2/2016,74.85
2/3/2016,76.27
2/4/2016,76.14
2/5/2016,75.6
2/8/2016,75.5
2/9/2016,74
2/10/2016,73.92
2/11/2016,73.96
2/12/2016,75.44
2/16/2016,74.72
2/17/2016,76.03
2/18/2016,75.75
2/19/2016,75.11
2/22/2016,75.97
2/23/2016,75.18
2/24/2016,75.77
2/25/2016,75.74
2/26/2016,75.46
2/29/2016,75.95
3/1/2016,76.08
3/2/2016,76.46
3/3/2016,76.87
3/4/2016,78.38
3/7/2016,79.3
3/8/2016,78.42
3/9/2016,79.44
3/10/2016,79.38
3/11/2016,79.95
3/14/2016,79.43
3/15/2016,78.82
3/16/2016,79.6
3/17/2016,81.29
3/18/2016,80.76
3/21/2016,80.79
3/22/2016,81.23
3/23/2016,79.58
3/24/2016,79.25
3/28/2016,79.48
3/29/2016,79.31
3/30/2016,78.93
3/31/2016,78.83
4/1/2016,77.94
4/4/2016,77.18
4/5/2016,76.97
4/6/2016,77.65
4/7/2016,77.45
4/8/2016,79.03
4/11/2016,79.28
4/12/2016,80.89
4/13/2016,81.24
4/14/2016,80.65
4/15/2016,80.39
4/18/2016,80.68
4/19/2016,82.65
4/20/2016,84.18
4/21/2016,83.59
4/22/2016,83.05
4/25/2016,82.88
4/26/2016,83.84
4/27/2016,84.31
4/28/2016,84.84
4/29/2016,85.52
5/2/2016,84.72
5/3/2016,83.58
5/4/2016,83.35
5/5/2016,82.71
5/6/2016,83.39
5/9/2016,81.76
5/10/2016,83.36
5/11/2016,84.71
5/12/2016,84.75
5/13/2016,84.47
5/16/2016,85.14
5/17/2016,85.72
5/18/2016,85.4
5/19/2016,84.68
5/20/2016,84.87
5/23/2016,84.38
5/24/2016,84.17
5/25/2016,85.19
5/26/2016,85.35
5/27/2016,85.47
5/31/2016,85.34
6/1/2016,85.91
6/2/2016,86.71
6/3/2016,87.14
6/6/2016,88.11
6/7/2016,88.29
6/8/2016,89.94
6/9/2016,89.88
6/10/2016,88.94
6/13/2016,89.08
6/14/2016,88.77
6/15/2016,88.47
6/16/2016,87.23
6/17/2016,88.72
6/20/2016,89.45
6/21/2016,88.58
6/22/2016,88.02
6/23/2016,88.35
6/24/2016,86.96
6/27/2016,86.66
6/28/2016,88.3
6/29/2016,89.3
6/30/2016,88.84
7/1/2016,89.68
7/5/2016,87.43
7/6/2016,87.53
7/7/2016,85.53
7/8/2016,86.4
7/11/2016,86.08
7/12/2016,87.49
7/13/2016,86.98
7/14/2016,87.12
7/15/2016,86.7
7/18/2016,86.53
7/19/2016,85.75
7/20/2016,85.16
7/21/2016,84.95
7/22/2016,84.64
7/25/2016,83.92
7/26/2016,83.72
7/27/2016,83.13
7/28/2016,83.4
7/29/2016,84.28
8/1/2016,82.9
8/2/2016,82.73
8/3/2016,83.55
8/4/2016,83.91
8/5/2016,83.85
8/8/2016,84.32
8/9/2016,83.75
8/10/2016,83.23
8/11/2016,83.97
8/12/2016,84.06
8/15/2016,85.24
8/16/2016,85.72
8/17/2016,85.87
8/18/2016,86.74
8/19/2016,86.24
8/22/2016,85.67
8/23/2016,86.07
8/24/2016,85.07
8/25/2016,85.05
8/26/2016,84.98
8/29/2016,84.46
8/30/2016,83.66
8/31/2016,82.77
9/1/2016,82.1
9/2/2016,82.99
9/6/2016,83.39
9/7/2016,83.93
9/8/2016,85.15
9/9/2016,84.02
9/12/2016,84.08
9/13/2016,83.02
9/14/2016,82.67
9/15/2016,83.08
9/16/2016,83.24
9/19/2016,83.61
9/20/2016,84.29
9/21/2016,84.91
9/22/2016,85.51
9/23/2016,84.32
9/26/2016,84.86
9/27/2016,84.14
9/28/2016,85.14
9/29/2016,85.22
9/30/2016,85.34
10/3/2016,85.6
10/4/2016,85.15
10/5/2016,85.72
10/6/2016,85.51
10/7/2016,85.64
10/10/2016,86.76
10/11/2016,86.18
10/12/2016,85.65
10/13/2016,86.28
10/14/2016,86.34
10/17/2016,86.39
10/18/2016,86.55
10/19/2016,86.89
10/20/2016,86.02
10/21/2016,86.11
10/24/2016,86.15
10/25/2016,86.01
10/26/2016,85.54
10/27/2016,86.22
10/28/2016,85.91
10/31/2016,84.9
11/1/2016,84.51
11/2/2016,83.89
11/3/2016,83.61
11/4/2016,83.29
11/7/2016,83.82
11/8/2016,83.78
11/9/2016,83.91
11/10/2016,83.84
11/11/2016,82.38
11/14/2016,82.34
11/15/2016,83.28
11/16/2016,82.77
11/17/2016,82.73
11/18/2016,83.02
11/21/2016,84.89
11/22/2016,85.14
11/23/2016,85.36
11/25/2016,85.03
11/28/2016,86.07
11/29/2016,84.28
11/30/2016,86
12/1/2016,86.92
12/2/2016,87.04
12/5/2016,88.35
12/6/2016,88.03
12/7/2016,87.47
12/8/2016,87.57
12/9/2016,88.14
12/12/2016,88.18
12/13/2016,87.92
12/14/2016,87.63
12/15/2016,86.84
12/16/2016,87.13
12/19/2016,86.57
12/20/2016,86.16
12/21/2016,86.4
12/22/2016,86.33
12/23/2016,86.29
12/27/2016,87.6
12/28/2016,87.75
12/29/2016,87.67
12/30/2016,87.51
1/3/2017,86.07
1/4/2017,87.17
1/5/2017,87.53
1/6/2017,87.37
1/9/2017,86.34
1/10/2017,86.85
1/11/2017,87.21
1/12/2017,88.49
1/13/2017,88.54
1/17/2017,88.95
1/18/2017,88.38
1/19/2017,88.16
1/20/2017,88.38
1/23/2017,88.6
1/24/2017,88.75
1/25/2017,88.37
1/26/2017,88.27
1/27/2017,87.98
1/30/2017,87.03
1/31/2017,87.59
2/1/2017,88.54
2/2/2017,88.4
2/3/2017,87.94
2/6/2017,87.83
2/7/2017,87.86
2/8/2017,88.42
2/9/2017,88.53
2/10/2017,89.36
2/13/2017,88.64
2/14/2017,88.63
2/15/2017,89.01
2/16/2017,88.48
2/17/2017,88.11
2/21/2017,87.86
2/22/2017,87.55
2/23/2017,87.37
2/24/2017,87.48
2/27/2017,87.1
2/28/2017,87.74
3/1/2017,88.32
3/2/2017,86.99
3/3/2017,87.19
3/6/2017,87.11
3/7/2017,86.35
3/8/2017,85.29
3/9/2017,84.58
3/10/2017,84.27
3/13/2017,84.37
3/14/2017,83.9
3/15/2017,84.51
3/16/2017,84.87
3/17/2017,85.14
3/20/2017,85.11
3/21/2017,84.92
3/22/2017,84.66
3/23/2017,84.59
3/24/2017,84.53
3/27/2017,84.33
3/28/2017,84.91
3/29/2017,85.4
3/30/2017,85.35
3/31/2017,85.35
4/3/2017,84.74
4/4/2017,85.29
4/5/2017,85.62
4/6/2017,85.75
4/7/2017,85.84
4/10/2017,85.9
4/11/2017,86
4/12/2017,85.88
4/13/2017,86.3
4/17/2017,86.05
4/18/2017,85.35
4/19/2017,84.64
4/20/2017,84.45
4/21/2017,83.9
4/24/2017,83.72
4/25/2017,84.03
4/26/2017,83.89
4/27/2017,83.62
4/28/2017,84.01
5/1/2017,84.21
5/2/2017,83.85
5/3/2017,83.73
5/4/2017,82.21
5/5/2017,82.68
5/8/2017,82.27
5/9/2017,82.03
5/10/2017,82.76
5/11/2017,83.13
5/12/2017,83.48
5/15/2017,83.58
5/16/2017,83.5
5/17/2017,83.98
5/18/2017,83.42
5/19/2017,84.72
5/22/2017,85.26
5/23/2017,84.7
5/24/2017,84.47
5/25/2017,83.71
5/26/2017,84.01
5/30/2017,83.2
5/31/2017,82.83
6/1/2017,82.46
6/2/2017,82.33
6/5/2017,82
6/6/2017,82.48
6/7/2017,81.96
6/8/2017,82.18
6/9/2017,82.42
6/12/2017,81.59
6/13/2017,81.61
6/14/2017,80.89
6/15/2017,80.92
6/16/2017,81.27
6/19/2017,80.72
6/20/2017,80.13
6/21/2017,79.63
6/22/2017,79.36
6/23/2017,79.64
6/26/2017,79.87
6/27/2017,80.42
6/28/2017,80.84
6/29/2017,81.33
6/30/2017,82.6
7/3/2017,83.11
7/5/2017,82.32
7/6/2017,82.42
7/7/2017,81.8
7/10/2017,82.36
7/11/2017,83.02
7/12/2017,82.65
7/13/2017,81.92
7/14/2017,82.7
7/17/2017,82.69
7/18/2017,83.15
7/19/2017,83.63
7/20/2017,83.69
7/21/2017,82.99
7/24/2017,82.65
7/25/2017,83.11
7/26/2017,83.69
7/27/2017,84.23
7/28/2017,84.48
7/31/2017,84.39
8/1/2017,83.53
8/2/2017,83.93
8/3/2017,83.33
8/4/2017,83.28
8/7/2017,83.72
8/8/2017,83.94
8/9/2017,84.42
8/10/2017,83.54
8/11/2017,83.7
8/14/2017,83.11
8/15/2017,82.52
8/16/2017,82.58
8/17/2017,82.68
8/18/2017,83.23
8/21/2017,83.04
8/22/2017,82.98
8/23/2017,83.27
8/24/2017,83.51
8/25/2017,83.29
8/28/2017,83.42
8/29/2017,83.5
8/30/2017,83.07
8/31/2017,84.66
9/1/2017,84.98
9/5/2017,85.37
9/6/2017,85.72
9/7/2017,85.66
9/8/2017,84.76
9/11/2017,84.89
9/12/2017,84.8
9/13/2017,84.96
9/14/2017,85.1
9/15/2017,85.19
9/18/2017,85.08
9/19/2017,84.84
9/20/2017,85.59
9/21/2017,84.78
9/22/2017,84.86
9/25/2017,85.33
9/26/2017,84.78
9/27/2017,84.84
9/28/2017,84.64
9/29/2017,84.46
10/2/2017,83.71
10/3/2017,83.74
10/4/2017,83.96
10/5/2017,84.58
10/6/2017,83.93
10/9/2017,84.07
10/10/2017,84.82
10/11/2017,84.77
10/12/2017,85.13
10/13/2017,85.89
10/16/2017,85.99
10/17/2017,85.49
10/18/2017,85.31
10/19/2017,85.39
10/20/2017,85.27
10/23/2017,85.61
10/24/2017,86.04
10/25/2017,85.89
10/26/2017,85.92
10/27/2017,85.87
10/30/2017,86.15
10/31/2017,86.19
11/1/2017,86.54
11/2/2017,86.69
11/3/2017,86.88
11/6/2017,88.15
11/7/2017,87.54
11/8/2017,87.64
11/9/2017,87.46
11/10/2017,87.28
11/13/2017,87.2
11/14/2017,86.16
11/15/2017,86
11/16/2017,85.66
11/17/2017,86.77
11/20/2017,86.19
11/21/2017,86.47
11/22/2017,87.04
11/24/2017,87
11/27/2017,86.9
11/28/2017,86.72
11/29/2017,86.44
11/30/2017,85.7
12/1/2017,86.48
12/4/2017,85.75
12/5/2017,85.03
12/6/2017,84.11
12/7/2017,83.8
12/8/2017,84.01
12/11/2017,84.22
12/12/2017,83.43
12/13/2017,83.47
12/14/2017,83.84
12/15/2017,84.05
12/18/2017,84.47
12/19/2017,84.58
12/20/2017,85.05
12/21/2017,85.28
12/22/2017,85.75
12/26/2017,86.73
12/27/2017,87.08
12/28/2017,87.7
12/29/2017,88.17
1/2/2018,88.41
1/3/2018,88.61
1/4/2018,88.57
1/5/2018,87.92
1/8/2018,87.69
1/9/2018,88.1
1/10/2018,88.24
1/11/2018,88.31
1/12/2018,88.76
1/16/2018,88.45
1/17/2018,88.8
1/18/2018,88.69
1/19/2018,88.54
1/22/2018,88.81
1/23/2018,89.16
1/24/2018,90.46
1/25/2018,90.46
1/26/2018,90.8
1/29/2018,90.63
1/30/2018,90.28
1/31/2018,89.8
2/1/2018,89.87
2/2/2018,89.12
2/5/2018,88.51
2/6/2018,88.17
2/7/2018,87.15
2/8/2018,87.01
2/9/2018,85.64
2/12/2018,86.33
2/13/2018,86.79
2/14/2018,87.99
2/15/2018,88.24
2/16/2018,88.2
2/20/2018,88
2/21/2018,88.27
2/22/2018,88.67
2/23/2018,88.69
2/26/2018,89.04
2/27/2018,88.59
2/28/2018,88.14
3/1/2018,88.2
3/2/2018,88.15
3/5/2018,88.7
3/6/2018,89.01
3/7/2018,88.04
3/8/2018,87.59
3/9/2018,87.95
3/12/2018,87.67
3/13/2018,87.88
3/14/2018,87.67
3/15/2018,87.32
3/16/2018,87.36
3/19/2018,86.52
3/20/2018,86.72
3/21/2018,87.41
3/22/2018,87.1
3/23/2018,87.44
3/26/2018,87.25
3/27/2018,87.26
3/28/2018,86.76
3/29/2018,87.47
4/2/2018,86.83
4/3/2018,87.01
4/4/2018,86.62
4/5/2018,87.18
4/6/2018,86.94
4/9/2018,88.01
4/10/2018,88.8
4/11/2018,89.25
4/12/2018,89.09
4/13/2018,89.28
4/16/2018,89.03
4/17/2018,89.02
4/18/2018,90.46
4/19/2018,89.97
4/20/2018,89.85
4/23/2018,89.19
4/24/2018,89.08
4/25/2018,89.25
4/26/2018,89.4
4/27/2018,89.38
4/30/2018,89.59
5/1/2018,89.37
5/2/2018,89.49
5/3/2018,89.67
5/4/2018,89.99
5/7/2018,89.82
5/8/2018,89.58
5/9/2018,90.1
5/10/2018,90.55
5/11/2018,90.04
5/14/2018,90.37
5/15/2018,90.12
5/16/2018,90.18
5/17/2018,90.31
5/18/2018,90.41
5/21/2018,90.97
5/22/2018,91.42
5/23/2018,91.57
5/24/2018,91.51
5/25/2018,90.92
5/29/2018,90.28
5/30/2018,90.72
5/31/2018,90.72
6/1/2018,90.45
6/4/2018,89.43
6/5/2018,89.7
6/6/2018,89.77
6/7/2018,90.05
6/8/2018,89.98
6/11/2018,89.65
6/12/2018,89.9
6/13/2018,89.97
6/14/2018,89.22
6/15/2018,87.7
6/18/2018,87.63
6/19/2018,86.58
6/20/2018,86.78
6/21/2018,86.42
6/22/2018,87.32
6/25/2018,86.17
6/26/2018,86.53
6/27/2018,87.14
6/28/2018,86.79
6/29/2018,87.41
7/2/2018,85.73
7/3/2018,85.93
7/5/2018,85.53
7/6/2018,86.21
7/9/2018,86.13
7/10/2018,85.76
7/11/2018,83.44
7/12/2018,84.01
7/13/2018,83.83
7/16/2018,82.84
7/17/2018,82.82
7/18/2018,83.12
7/19/2018,83.07
7/20/2018,83.68
7/23/2018,83.64
7/24/2018,84.07
7/25/2018,84.93
7/26/2018,84.95
7/27/2018,84.84
7/30/2018,85.38
7/31/2018,85.39
8/1/2018,84.25
8/2/2018,84.51
8/3/2018,84.9
8/6/2018,85.06
8/7/2018,85.48
8/8/2018,85.13
8/9/2018,84.89
8/10/2018,84.23
8/13/2018,83.54
8/14/2018,83.77
8/15/2018,82.17
8/16/2018,83.01
8/17/2018,83.35
8/20/2018,83.33
8/21/2018,83.44
8/22/2018,83.59
8/23/2018,83.11
8/24/2018,83.69
8/27/2018,83.76
8/28/2018,83.36
8/29/2018,83.82
8/30/2018,83.62
8/31/2018,83.74
9/4/2018,83.13
9/5/2018,82.7
9/6/2018,82.43
9/7/2018,82.59
9/10/2018,82.93
9/11/2018,82.98
9/12/2018,83.47
9/13/2018,82.72
9/14/2018,82.46
9/17/2018,82.14
9/18/2018,82.74
9/19/2018,83.36
9/20/2018,83.88
9/21/2018,84.4
9/24/2018,84.85
9/25/2018,85.08
9/26/2018,84.7
9/27/2018,84.75
9/28/2018,85.2
10/1/2018,86.36
10/2/2018,87.15
10/3/2018,87.68
10/4/2018,86.79
10/5/2018,86.9
10/8/2018,86.93
10/9/2018,87.24
10/10/2018,86.39
10/11/2018,85.92
10/12/2018,86.24
10/15/2018,87.13
10/16/2018,87.03
10/17/2018,86.7
10/18/2018,85.75
10/19/2018,85.95
10/22/2018,85.78
10/23/2018,85.14
10/24/2018,84.79
10/25/2018,84.62
10/26/2018,85
10/29/2018,84.4
10/30/2018,83.58
10/31/2018,83.19
11/1/2018,83.58
11/2/2018,83.88
11/5/2018,84.2
11/6/2018,83.67
11/7/2018,83.73
11/8/2018,83.27
11/9/2018,82.89
11/12/2018,83.05
11/13/2018,82.45
11/14/2018,84.73
11/15/2018,82.85
11/16/2018,83.91
11/19/2018,84.83
11/20/2018,82.99
11/21/2018,83.37
11/23/2018,81.48
11/26/2018,81.46
11/27/2018,81.14
11/28/2018,82.47
11/29/2018,82.64
11/30/2018,82.56
12/3/2018,82.96
12/4/2018,83.4
12/5/2018,83.36
12/6/2018,82.27
12/7/2018,83.49
12/10/2018,82.73
12/11/2018,82.62
12/12/2018,82.19
12/13/2018,82.51
12/14/2018,81.27
12/17/2018,80.26
12/18/2018,79.68
12/19/2018,79.96
12/20/2018,78.81
12/21/2018,78.7
12/24/2018,77.21
12/26/2018,78.21
12/27/2018,77.8
12/28/2018,77.59
12/31/2018,76.72
1/2/2019,76.99
1/3/2019,77.45
1/4/2019,78.34
1/7/2019,78.57
1/8/2019,78.95
1/9/2019,79.91
1/10/2019,79.49
1/11/2019,79.66
1/14/2019,79.9
1/15/2019,80.1
1/16/2019,80.26
1/17/2019,80.45
1/18/2019,81.38
1/22/2019,80.09
1/23/2019,80.07
1/24/2019,80.21
1/25/2019,81.07
1/28/2019,79.87
1/29/2019,80.5
1/30/2019,80.88
1/31/2019,80.73
2/1/2019,80.97
2/4/2019,81.1
2/5/2019,80.88
2/6/2019,80.99
2/7/2019,80.04
2/8/2019,80.07
2/11/2019,79.66
2/12/2019,80.1
2/13/2019,80.16
2/14/2019,79.96
2/15/2019,80.96
2/19/2019,81.29
2/20/2019,81.68
2/21/2019,81.79
2/22/2019,82.12
2/25/2019,81.3
2/26/2019,81.21
2/27/2019,81.61
2/28/2019,81.39
3/1/2019,80.97
3/4/2019,80.82
3/5/2019,81.19
3/6/2019,80.74
3/7/2019,80.52
3/8/2019,80.47
3/11/2019,80.26
3/12/2019,80.86
3/13/2019,81.53
3/14/2019,81.35
3/15/2019,81.58
3/18/2019,81.88
3/19/2019,82.09
3/20/2019,82.38
3/21/2019,82.35
3/22/2019,81.75
3/25/2019,81.92
3/26/2019,81.99
3/27/2019,81.56
3/28/2019,81.09
3/29/2019,81.09
4/1/2019,81.67
4/2/2019,81.86
4/3/2019,82.18
4/4/2019,82.23
4/5/2019,82.37
4/8/2019,82.77
4/9/2019,82.62
4/10/2019,83.06
4/11/2019,82.24
4/12/2019,82.71
4/15/2019,82.32
4/16/2019,81.97
4/17/2019,81.66
4/18/2019,81.71
4/22/2019,81.96
4/23/2019,81.64
4/24/2019,81.43
4/25/2019,81.22
4/26/2019,80.76
4/29/2019,80.54
4/30/2019,80.57
5/1/2019,80.42
5/2/2019,79.7
5/3/2019,79.84
5/6/2019,79.47
5/7/2019,78.97
5/8/2019,79
5/9/2019,78.56
5/10/2019,78.66
5/13/2019,78.34
5/14/2019,79.34
5/15/2019,79.65
5/16/2019,80.3
5/17/2019,79.7
5/20/2019,79.93
5/21/2019,79.78
5/22/2019,78.95
5/23/2019,77.96
5/24/2019,78.71
5/28/2019,79.39
5/29/2019,79.39
5/30/2019,79.1
5/31/2019,77.7
6/3/2019,77.46
6/4/2019,77.71
6/5/2019,76.49
6/6/2019,77.11
6/7/2019,77.15
6/10/2019,77.02
6/11/2019,77.47
6/12/2019,77.08
6/13/2019,77.61
6/14/2019,77.83
6/17/2019,77.79
6/18/2019,78.24
6/19/2019,77.77
6/20/2019,79.16
6/21/2019,78.84
6/24/2019,79.48
6/25/2019,79.84
6/26/2019,80.14
6/27/2019,80.19
6/28/2019,79.65
7/1/2019,79.04
7/2/2019,78.07
7/3/2019,79.2
7/5/2019,79.11
7/8/2019,79.02
7/9/2019,79.13
7/10/2019,80.54
7/11/2019,80.56
7/12/2019,81.02
7/15/2019,80.55
7/16/2019,79.65
7/17/2019,79.58
7/18/2019,78.92
7/19/2019,79.38
7/22/2019,79.17
7/23/2019,79.4
7/24/2019,79.32
7/25/2019,79
7/26/2019,78.74
7/29/2019,79.01
7/30/2019,79.08
7/31/2019,78.96
8/1/2019,77.01
8/2/2019,77.23
8/5/2019,76.76
8/6/2019,76.47
8/7/2019,75.97
8/8/2019,77.04
8/9/2019,77.42
8/12/2019,76.83
8/13/2019,77.59
8/14/2019,76.86
8/15/2019,76.7
8/16/2019,76.77
8/19/2019,76.66
8/20/2019,76.69
8/21/2019,76.8
8/22/2019,76.42
8/23/2019,76.07
8/26/2019,76.35
8/27/2019,76.58
8/28/2019,77.17
8/29/2019,77.49
8/30/2019,77
9/3/2019,77.01
9/4/2019,78.42
9/5/2019,78.03
9/6/2019,77.89
9/9/2019,78.45
9/10/2019,78.76
9/11/2019,78.21
9/12/2019,78.57
9/13/2019,78.7
9/16/2019,81.4
9/17/2019,79.9
9/18/2019,79.51
9/19/2019,79.4
9/20/2019,79.2
9/23/2019,79.87
9/24/2019,79.36
9/25/2019,78.91
9/26/2019,78.63
9/27/2019,78.34
9/30/2019,77.78
10/1/2019,77.87
10/2/2019,77.52
10/3/2019,77.74
10/4/2019,77.93
10/7/2019,77.71
10/8/2019,77.88
10/9/2019,77.92
10/10/2019,77.94
10/11/2019,78.83
10/14/2019,78.58
10/15/2019,78.41
10/16/2019,78.33
10/17/2019,78.58
10/18/2019,78.67
10/21/2019,78.25
10/22/2019,78.47
10/23/2019,79.01
10/24/2019,79.35
10/25/2019,79.5
10/28/2019,79.48
10/29/2019,79.6
10/30/2019,79.6
10/31/2019,79.24
11/1/2019,80.26
11/4/2019,80.63
11/5/2019,80.72
11/6/2019,80.15
11/7/2019,80.02
11/8/2019,79.91
11/11/2019,79.03
11/12/2019,79.03
11/13/2019,78.96
11/14/2019,78.92
11/15/2019,79.09
11/18/2019,78.32
11/19/2019,77.86
11/20/2019,78.28
11/21/2019,78.61
11/22/2019,78.73
11/25/2019,78.56
11/26/2019,78.66
11/27/2019,78.34
11/29/2019,77.11
12/2/2019,77.14
12/3/2019,77.34
12/4/2019,77.85
12/5/2019,78.11
12/6/2019,78.24
12/9/2019,78.14
12/10/2019,78.52
12/11/2019,78.33
12/12/2019,79.07
12/13/2019,79.41
12/16/2019,80.19
12/17/2019,80.29
12/18/2019,80.14
12/19/2019,80.35
12/20/2019,80.39
12/23/2019,80.22
12/24/2019,80.66
12/26/2019,81.27
12/27/2019,81.35
12/30/2019,81.39
12/31/2019,80.89
1/2/2020,81
1/3/2020,81.37
1/6/2020,81.64
1/7/2020,81.57
1/8/2020,80.58
1/9/2020,80.45
1/10/2020,80.71
1/13/2020,80.29
1/14/2020,80.35
1/15/2020,80.03
1/16/2020,79.61
1/17/2020,79.82
1/21/2020,79.21
1/22/2020,78.67
1/23/2020,78.23
1/24/2020,77.32
1/27/2020,76.23
1/28/2020,76.32
1/29/2020,75.86
1/30/2020,75.14
1/31/2020,74.84
2/3/2020,74.08
2/4/2020,74.1
2/5/2020,74.74
2/6/2020,74.96
2/7/2020,74.76
2/10/2020,74.2
2/11/2020,74.38
2/12/2020,75.16
2/13/2020,75.32
2/14/2020,75.38
2/18/2020,76.11
2/19/2020,76.57
2/20/2020,76.21
2/21/2020,76.25
2/24/2020,74.9
2/25/2020,74.21
2/26/2020,73.63
2/27/2020,72.58
2/28/2020,70.98
3/2/2020,72.47
3/3/2020,73.19
3/4/2020,73.23
3/5/2020,72.68
3/6/2020,70.79
3/9/2020,67.85
3/10/2020,69.3
3/11/2020,68.3
3/12/2020,66.16
3/13/2020,65.31
3/16/2020,62.57
3/17/2020,62.01
3/18/2020,59.48
3/19/2020,61.43
3/20/2020,61.1
3/23/2020,62.01
3/24/2020,63.77
3/25/2020,63.98
3/26/2020,63.33
3/27/2020,62.71
3/30/2020,62.06
3/31/2020,61.86
4/1/2020,60.29
4/2/2020,61.55
4/3/2020,62.2
4/6/2020,62.82
4/7/2020,63.22
4/8/2020,63.15
4/9/2020,63.48
4/13/2020,63.38
4/14/2020,63.05
4/15/2020,61.97
4/16/2020,62.05
4/17/2020,62.09
4/20/2020,61.98
4/21/2020,59.51
4/22/2020,60.68
4/23/2020,60.78
4/24/2020,60.24
4/27/2020,59.55
4/28/2020,59.64
4/29/2020,59.88
4/30/2020,60.9
5/1/2020,60.71
5/4/2020,60.97
5/5/2020,62.31
5/6/2020,61.46
5/7/2020,62
5/8/2020,62.32
5/11/2020,61.78
5/12/2020,61.55
5/13/2020,60.62
5/14/2020,61.29
5/15/2020,61.66
5/18/2020,63.03
5/19/2020,63.24
5/20/2020,63.6
5/21/2020,63.01
5/22/2020,62.74
5/26/2020,63.35
5/27/2020,62.67
5/28/2020,62.77
5/29/2020,63.54
6/1/2020,63.51
6/2/2020,63.78
6/3/2020,63.9
6/4/2020,64.35
6/5/2020,64.69
6/8/2020,64.64
6/9/2020,64.73
6/10/2020,65
6/11/2020,64.09
6/12/2020,63.71
6/15/2020,63.65
6/16/2020,63.94
6/17/2020,64.07
6/18/2020,64.12
6/19/2020,64.57
6/22/2020,64.83
6/23/2020,64.71
6/24/2020,63.71
6/25/2020,63.45
6/26/2020,63.22
6/29/2020,64.24
6/30/2020,64.98
7/1/2020,65.18
7/2/2020,65.63
7/6/2020,66.18
7/7/2020,66.54
7/8/2020,66.79
7/9/2020,66.35
7/10/2020,66.64
7/13/2020,66.49
7/14/2020,66.18
7/15/2020,66.67
7/16/2020,66.47
7/17/2020,66.49
7/20/2020,66.31
7/21/2020,67.29
7/22/2020,67.74
7/23/2020,68.12
7/24/2020,68.15
7/27/2020,68.5
7/28/2020,68.53
7/29/2020,68.99
7/30/2020,68.25
7/31/2020,68.68
8/3/2020,69.9
8/4/2020,70.54
8/5/2020,71.19
8/6/2020,71.34
8/7/2020,70.45
8/10/2020,70.9
8/11/2020,69.89
8/12/2020,70.27
8/13/2020,70.84
8/14/2020,70.81
8/17/2020,72.02
8/18/2020,72.47
8/19/2020,72.33
8/20/2020,71.78
8/21/2020,71.46
8/24/2020,71.65
8/25/2020,72.02
8/26/2020,72.3
8/27/2020,72.62
8/28/2020,73.14
8/31/2020,73.32
9/1/2020,73.5
9/2/2020,72.83
9/3/2020,72.3
9/4/2020,72.39
9/8/2020,71.4
9/9/2020,71.7
9/10/2020,71.49
9/11/2020,71.56
9/14/2020,71.75
9/15/2020,71.8
9/16/2020,72.3
9/17/2020,72.39
9/18/2020,72.97
9/21/2020,71.16
9/22/2020,71
9/23/2020,70.77
9/24/2020,70.87
9/25/2020,70.69
9/28/2020,70.99
9/29/2020,70.27
9/30/2020,70.85
10/1/2020,70.25
10/2/2020,69.8
10/5/2020,71.05
10/6/2020,71.4
10/7/2020,71.8
10/8/2020,72.16
10/9/2020,73.25
10/12/2020,72.78
10/13/2020,72.57
10/14/2020,73
10/15/2020,73.44
10/16/2020,73.38
10/19/2020,73.57
10/20/2020,73.93
10/21/2020,74.13
10/22/2020,73.84
10/23/2020,73.57
10/26/2020,73.23
10/27/2020,73.58
10/28/2020,72.14
10/29/2020,71.61
10/30/2020,71.84
11/2/2020,72.13
11/3/2020,72.26
11/4/2020,72.69
11/5/2020,73.19
11/6/2020,72.82
11/9/2020,72.75
11/10/2020,73.96
11/11/2020,74
11/12/2020,73.72
11/13/2020,73.73
11/16/2020,73.77
11/17/2020,73.89
11/18/2020,74.19
11/19/2020,73.54
11/20/2020,74.14
11/23/2020,74.16
11/24/2020,74.73
11/25/2020,74.8
11/27/2020,74.82
11/30/2020,74.36
12/1/2020,74.55
12/2/2020,74.5
12/3/2020,74.07
12/4/2020,74.3
12/7/2020,73.94
12/8/2020,73.67
12/9/2020,73.95
12/10/2020,74.89
12/11/2020,74.87
12/14/2020,75.19
12/15/2020,75.71
12/16/2020,76.02
12/17/2020,76.86
12/18/2020,77.32
12/21/2020,76.97
12/22/2020,76.55
12/23/2020,77.03
12/24/2020,77.03
12/28/2020,76.5
12/29/2020,77.11
12/30/2020,77.59
12/31/2020,78.05
1/4/2021,78.64
1/5/2021,80.33
1/6/2021,80.27
1/7/2021,80.31
1/8/2021,79.66
1/11/2021,79.49
1/12/2021,80.63
1/13/2021,80.61
1/14/2021,81.22
1/15/2021,80.46
1/19/2021,80.05
1/20/2021,80.3
1/21/2021,80.29
1/22/2021,79.11
1/25/2021,79.98
1/26/2021,80.48
1/27/2021,80.45
1/28/2021,79.99
1/29/2021,80.1
2/1/2021,81.6
2/2/2021,81.27
2/3/2021,81.81
2/4/2021,81.98
2/5/2021,82.47
2/8/2021,83.54
2/9/2021,83.77
2/10/2021,83.53
2/11/2021,83.47
2/12/2021,84.06
2/16/2021,85.05
2/17/2021,85.2
2/18/2021,85.24
2/19/2021,85.3
2/22/2021,86.7
2/23/2021,86.62
2/24/2021,87.58
2/25/2021,87.12
2/26/2021,85.28
3/1/2021,84.78
3/2/2021,85.25
3/3/2021,84.87
3/4/2021,84.78
3/5/2021,85.86
3/8/2021,85.37
3/9/2021,85.42
3/10/2021,85.34
3/11/2021,86.27
3/12/2021,85.96
3/15/2021,85.96
3/16/2021,85.96
3/17/2021,85.69
3/18/2021,83.66
3/19/2021,84.52
3/22/2021,84.67
3/23/2021,83.18
3/24/2021,84.35
3/25/2021,82.99
3/26/2021,84.13
3/29/2021,83.93
3/30/2021,82.75
3/31/2021,83.44
4/1/2021,83.83
4/5/2021,83.01
4/6/2021,83.61
4/7/2021,83.76
4/8/2021,84.4
4/9/2021,84.03
4/12/2021,83.58
4/13/2021,84.32
4/14/2021,85.88
4/15/2021,86.56
4/16/2021,86.53
4/19/2021,86.78
4/20/2021,86.98
4/21/2021,87.27
4/22/2021,87.97
4/23/2021,88.4
4/26/2021,89.52
4/27/2021,90.08
4/28/2021,90.19
4/29/2021,90.17
4/30/2021,90.36
5/3/2021,90.97
5/4/2021,91.65
5/5/2021,92.22
5/6/2021,92.87
5/7/2021,93.73
5/10/2021,93.16
5/11/2021,93.87
5/12/2021,93.88
5/13/2021,91.7
5/14/2021,91.98
5/17/2021,93.25
5/18/2021,93.15
5/19/2021,91.44
5/20/2021,90.89
5/21/2021,90.89
5/24/2021,91.58
5/25/2021,91.39
5/26/2021,91.6
5/27/2021,92.8
5/28/2021,92.83
6/1/2021,94.14
6/2/2021,94.45
6/3/2021,93.26
6/4/2021,94.68
6/7/2021,94.16
6/8/2021,94.77
6/9/2021,94.8
6/10/2021,95.03
6/11/2021,94.99
6/14/2021,94.31
6/15/2021,93.54
6/16/2021,93.41
6/17/2021,90.1
6/18/2021,90.93
6/21/2021,91.56
6/22/2021,91.52
6/23/2021,92.25
6/24/2021,92.36
6/25/2021,92.44
6/28/2021,93.07
6/29/2021,93.2
6/30/2021,94.54
7/1/2021,94.69
7/2/2021,94.98
7/6/2021,92.8
7/7/2021,92.47
7/8/2021,92.58
7/9/2021,93.5
7/12/2021,93.97
7/13/2021,94.48
7/14/2021,94.41
7/15/2021,94.13
7/16/2021,94.43
7/19/2021,92.09
7/20/2021,93.31
7/21/2021,94.7
7/22/2021,95.51
7/23/2021,95.69
7/26/2021,96.64
7/27/2021,95.83
7/28/2021,96.18
7/29/2021,97.51
7/30/2021,96.28
8/2/2021,95.75
8/3/2021,95.35
8/4/2021,94.85
8/5/2021,95.3
8/6/2021,94.69
8/9/2021,93.12
8/10/2021,94.38
8/11/2021,94.96
8/12/2021,94.98
8/13/2021,95.17
8/16/2021,95.02
8/17/2021,93.99
8/18/2021,93.49
8/19/2021,91.92
8/20/2021,91.16
8/23/2021,93.14
8/24/2021,94.38
8/25/2021,94.76
8/26/2021,94.95
8/27/2021,96.35
8/30/2021,96.18
8/31/2021,95.99
9/1/2021,96.07
9/2/2021,96.71
9/3/2021,97.12
9/7/2021,95.79
9/8/2021,96.69
9/9/2021,96.57
9/10/2021,97.11
9/13/2021,97.67
9/14/2021,97.86
9/15/2021,99.58
9/16/2021,98.59
9/17/2021,97.55
9/20/2021,96.05
9/21/2021,95.77
9/22/2021,97.15
9/23/2021,98.24
9/24/2021,98.98
9/27/2021,100.83
9/28/2021,100.92
9/29/2021,99.6
9/30/2021,100.76
10/1/2021,100.93
10/4/2021,102.05
10/5/2021,103.85
10/6/2021,101.59
10/7/2021,102.34
10/8/2021,102.62
10/11/2021,102.71
10/12/2021,102.73
10/13/2021,103.28
10/14/2021,104.41
10/15/2021,104.73
10/18/2021,103.62
10/19/2021,103.91
10/20/2021,105.14
10/21/2021,103.19
10/22/2021,103.75
10/25/2021,105.84
10/26/2021,105.68
10/27/2021,105.08
10/28/2021,104.3
10/29/2021,103.36
11/1/2021,103.64
11/2/2021,104.22
11/3/2021,103.13
11/4/2021,102.57
11/5/2021,102.74
11/8/2021,102.78
11/9/2021,102.47
11/10/2021,102.02
11/11/2021,103.33
11/12/2021,102.8
11/15/2021,103.16
11/16/2021,103.34
11/17/2021,102.41
11/18/2021,102.55
11/19/2021,102.31
11/22/2021,102.09
11/23/2021,103.24
11/24/2021,103.59
11/26/2021,100.1
11/29/2021,98.72
11/30/2021,95.8
12/1/2021,95.2
12/2/2021,95.12
12/3/2021,95.79
12/6/2021,95.7
12/7/2021,96.69
12/8/2021,97.25
12/9/2021,96.55
12/10/2021,96.9
12/13/2021,96.5
12/14/2021,95.98
12/15/2021,95.52
12/16/2021,97.04
12/17/2021,96.42
12/20/2021,95.38
12/21/2021,97.15
12/22/2021,98.72
12/23/2021,98.9
12/27/2021,100.38
12/28/2021,100.06
12/29/2021,100.19
12/30/2021,99.43
12/31/2021,99.17
1/3/2022,99.46
1/4/2022,100.58
1/5/2022,101.16
1/6/2022,100.78
1/7/2022,101.29
1/10/2022,100.86
1/11/2022,102.77
1/12/2022,104.42
1/13/2022,103.05
1/14/2022,103.54
1/18/2022,104.12
1/19/2022,105.44
1/20/2022,105.73
1/21/2022,105.36
1/24/2022,104.62
1/25/2022,105.62
1/26/2022,106.63
1/27/2022,106.19
1/28/2022,107.15
1/31/2022,107.86
2/1/2022,108.57
2/2/2022,110.27
2/3/2022,109.34
2/4/2022,109.57
2/7/2022,109.4
2/8/2022,108.91
2/9/2022,109.74
2/10/2022,109.49
2/11/2022,109.9
2/14/2022,111.1
2/15/2022,109.89
2/16/2022,111.67
2/17/2022,111.54
2/18/2022,111.63
2/22/2022,113.54
2/23/2022,114.34
2/24/2022,115.27
2/25/2022,112.4
2/28/2022,114.55
3/1/2022,119.3
3/2/2022,122.1
3/3/2022,122.93
3/4/2022,127.03
3/7/2022,130.87
3/8/2022,132.63
3/9/2022,125.84
3/10/2022,125.13
3/11/2022,126.39
3/14/2022,123.8
3/15/2022,121.9
3/16/2022,120.67
3/17/2022,124.35
3/18/2022,123.36
3/21/2022,125.67
3/22/2022,125.55
3/23/2022,128.84
3/24/2022,129.16
3/25/2022,129.85
3/28/2022,126.21
3/29/2022,123.62
3/30/2022,126.45
3/31/2022,124.41
4/1/2022,123.88
4/4/2022,125.57
4/5/2022,126.21
4/6/2022,124.51
4/7/2022,124.93
4/8/2022,126.41
4/11/2022,125.94
4/12/2022,128.81
4/13/2022,131.01
4/14/2022,132.43
4/18/2022,134.99
4/19/2022,131.32
4/20/2022,131.03
4/21/2022,131.3
4/22/2022,129.03
4/25/2022,126.83
4/26/2022,128.3
4/27/2022,129.66
4/28/2022,129.17
4/29/2022,129.48
5/2/2022,128.97
5/3/2022,128.62
5/4/2022,131.44
5/5/2022,132.4
5/6/2022,130.34
5/9/2022,124.76
5/10/2022,124.62
5/11/2022,127.41
5/12/2022,127.15
5/13/2022,128.31
5/16/2022,130.84
5/17/2022,131.63
5/18/2022,129.63
5/19/2022,131.11
5/20/2022,130.55
5/23/2022,132.35
5/24/2022,131.93
5/25/2022,132.1
5/26/2022,133.26
5/27/2022,133.87
5/31/2022,131.34
6/1/2022,132.8
6/2/2022,133.83
6/3/2022,133.82
6/6/2022,136.31
6/7/2022,136.41
6/8/2022,136.04
6/9/2022,136.61
6/10/2022,135.43
6/13/2022,133.24
6/14/2022,129.06
6/15/2022,129.44
6/16/2022,130.32
6/17/2022,126.78
6/21/2022,126.33
6/22/2022,124.73
6/23/2022,120.91
6/24/2022,121.31
6/27/2022,121.84
6/28/2022,122.7
6/29/2022,122.28
6/30/2022,117.05
7/1/2022,117.13
7/5/2022,111.87
7/6/2022,110.75
7/7/2022,115.14
7/8/2022,115.91
7/11/2022,116.38
7/12/2022,111.96
7/13/2022,113.67
7/14/2022,111.72
7/15/2022,113.47
7/18/2022,117.14
7/19/2022,116.05
7/20/2022,117.55
7/21/2022,115.86
7/22/2022,116.52
7/25/2022,118.07
7/26/2022,119.34
7/27/2022,119.94
7/28/2022,120.29
7/29/2022,121.83
8/1/2022,119.8
8/2/2022,117.78
8/3/2022,117.87
8/4/2022,118.04
8/5/2022,117.85
8/8/2022,117.3
8/9/2022,118.66
8/10/2022,120.71
8/11/2022,123.64
8/12/2022,123.2
8/15/2022,121.38
8/16/2022,121.54
8/17/2022,121.36
8/18/2022,121.48
8/19/2022,122.32
8/22/2022,123.38
8/23/2022,123.92
8/24/2022,124.75
8/25/2022,124.15
8/26/2022,124.6
8/29/2022,125.61
8/30/2022,122.56
8/31/2022,121.64
9/1/2022,119.46
9/2/2022,119.1
9/6/2022,117.47
9/7/2022,115.72
9/8/2022,116.17
9/9/2022,118.52
9/12/2022,120.78
9/13/2022,120.11
9/14/2022,121.39
9/15/2022,117.76
9/16/2022,116.74
9/19/2022,116.87
9/20/2022,117.32
9/21/2022,117
9/22/2022,116.01
9/23/2022,112.4
9/26/2022,110.6
9/27/2022,110.45
9/28/2022,112.75
9/29/2022,112.57
9/30/2022,111.49
10/3/2022,112.75
10/4/2022,115.71
10/5/2022,116.48
10/6/2022,116.72
10/7/2022,117.14
10/10/2022,116.01
10/11/2022,115.45
10/12/2022,114.62
10/13/2022,116
10/14/2022,113.67
10/17/2022,113.12
10/18/2022,111.8
10/19/2022,111.2
10/20/2022,111.45
10/21/2022,111.27
10/24/2022,111.63
10/25/2022,112.83
10/26/2022,113.89
10/27/2022,113.25
10/28/2022,111.76
10/31/2022,113.35
11/1/2022,113.52
11/2/2022,115.09
11/3/2022,113.6
11/4/2022,117.49
11/7/2022,118.14
11/8/2022,116.34
11/9/2022,114.56
11/10/2022,116
11/11/2022,116.88
11/14/2022,116.63
11/15/2022,117.53
11/16/2022,116.84
11/17/2022,115.12
11/18/2022,114.79
11/21/2022,115.33
11/22/2022,116.37
11/23/2022,116.51
11/25/2022,114.92
11/28/2022,114.39
11/29/2022,115.19
11/30/2022,116.05
12/1/2022,116.08
12/2/2022,114.47
12/5/2022,111.13
12/6/2022,109.98
12/7/2022,110.72
12/8/2022,111.19
12/9/2022,111.73
12/12/2022,112.74
12/13/2022,114.96
12/14/2022,114.55
12/15/2022,113.79
12/16/2022,112.71
12/19/2022,111.64
12/20/2022,111.91
12/21/2022,113.13
12/22/2022,111.28
12/23/2022,112.56
12/27/2022,113.36
12/28/2022,112.66
12/29/2022,112.39
12/30/2022,112.81
1/3/2023,110.32
1/4/2023,108.56
1/5/2023,107.36
1/6/2023,108.11
1/9/2023,109.24
1/10/2023,108.65
1/11/2023,109.67
1/12/2023,110.94
1/13/2023,111.58
1/17/2023,112.02
1/18/2023,111.59
1/19/2023,111.85
1/20/2023,112.13
1/23/2023,112.52
1/24/2023,111.91
1/25/2023,111.74
1/26/2023,112.39
1/27/2023,111.61
1/30/2023,110.8
1/31/2023,111.8
2/1/2023,109.53
2/2/2023,109.41
2/3/2023,107.07
2/6/2023,106.68
2/7/2023,108.11
2/8/2023,108.09
2/9/2023,107.9
2/10/2023,108.68
2/13/2023,108.56
2/14/2023,108.76
2/15/2023,107.4
2/16/2023,107.44
2/17/2023,106.53
2/21/2023,107.04
2/22/2023,106.13
2/23/2023,105.98
2/24/2023,105.55
2/27/2023,105.97
2/28/2023,106.16
3/1/2023,107.29
3/2/2023,106.94
3/3/2023,108.31
3/6/2023,107.33
3/7/2023,105.77
3/8/2023,105.05
3/9/2023,104.2
3/10/2023,104.55
3/13/2023,105.13
3/14/2023,104.21
3/15/2023,102.15
3/16/2023,102.76
3/17/2023,102.59
3/20/2023,102.57
3/21/2023,102.71
3/22/2023,102.57
3/23/2023,102.55
3/24/2023,103.02
3/27/2023,103.75
3/28/2023,104.36
3/29/2023,104.16
3/30/2023,104.39
3/31/2023,105.51
4/3/2023,106.53
4/4/2023,106.52
4/5/2023,106.63
4/6/2023,106.24
4/10/2023,106.25
4/11/2023,107.14
4/12/2023,107.62
4/13/2023,107.72
4/14/2023,107.82
4/17/2023,108.03
4/18/2023,108.75
4/19/2023,107.33
4/20/2023,106.39
4/21/2023,105.58
4/24/2023,106
4/25/2023,104.61
4/26/2023,103.45
4/27/2023,103.34
4/28/2023,104.31
5/1/2023,103.67
5/2/2023,102.33
5/3/2023,101.54
5/4/2023,101.65
5/5/2023,102.96
5/8/2023,103.7
5/9/2023,103.55
5/10/2023,102.73
5/11/2023,101.12
5/12/2023,101.18
5/15/2023,102.32
5/16/2023,101.17
5/17/2023,101.42
5/18/2023,100.97
5/19/2023,101.07
5/22/2023,100.87
5/23/2023,100.49
5/24/2023,100.58
5/25/2023,99.29
5/26/2023,100.08
5/30/2023,98.33
5/31/2023,97.96
6/1/2023,99.19
6/2/2023,99.82
6/5/2023,100.06
6/6/2023,100.43
6/7/2023,100.68
6/8/2023,101.39
6/9/2023,100.96
6/12/2023,99.93
6/13/2023,101.11
6/14/2023,101.28
6/15/2023,103.51
6/16/2023,105.14
6/20/2023,103.62
6/21/2023,104.77
6/22/2023,103.22
6/23/2023,102.35
6/26/2023,102.48
6/27/2023,101.22
6/28/2023,100.33
6/29/2023,100.25
6/30/2023,101.48
7/3/2023,101.25
7/5/2023,102.03
7/6/2023,101.39
7/7/2023,101.91
7/10/2023,102.15
7/11/2023,103.1
7/12/2023,103.39
7/13/2023,104.52
7/14/2023,104.6
7/17/2023,103.59
7/18/2023,104.91
7/19/2023,105.52
7/20/2023,106.04
7/21/2023,106.2
7/24/2023,107.65
7/25/2023,108.24
7/26/2023,107.53
7/27/2023,106.93
7/28/2023,107.23
7/31/2023,107.34
8/1/2023,106.66
8/2/2023,105.02
8/3/2023,105.55
8/4/2023,105.93
8/7/2023,105.76
8/8/2023,105.71
8/9/2023,106.54
8/10/2023,105.87
8/11/2023,105.59
8/14/2023,105.1
8/15/2023,103.8
8/16/2023,103.43
8/17/2023,103.76
8/18/2023,104.24
8/21/2023,104.26
8/22/2023,103.94
8/23/2023,104.64
8/24/2023,104.89
8/25/2023,105.48
8/28/2023,105.65
8/29/2023,105.78
8/30/2023,106.12
8/31/2023,106.03
9/1/2023,106.72
9/5/2023,106.64
9/6/2023,106.39
9/7/2023,106.01
9/8/2023,106.08
9/11/2023,106.68
9/12/2023,106.82
9/13/2023,106.95
9/14/2023,107.71
9/15/2023,107.47
9/18/2023,107.4
9/19/2023,107.46
9/20/2023,107.25
9/21/2023,106.07
9/22/2023,106.22
9/25/2023,105.75
9/26/2023,105.41
9/27/2023,105.77
9/28/2023,105.89
9/29/2023,104.84
10/2/2023,103.75
10/3/2023,103.46
10/4/2023,101.63
10/5/2023,101.65
10/6/2023,102.57
10/9/2023,103.76
10/10/2023,103.61
10/11/2023,103.04
10/12/2023,103.36
10/13/2023,105.29
10/16/2023,104.71
10/17/2023,104.83
10/18/2023,105.9
10/19/2023,106.08
10/20/2023,105.82
10/23/2023,104.86
10/24/2023,104.58
10/25/2023,105.06
10/26/2023,104.6
10/27/2023,105.63
10/30/2023,104.47
10/31/2023,104.62
11/1/2023,104.16
11/2/2023,105.05
11/3/2023,105.23
11/6/2023,105
11/7/2023,103.02
11/8/2023,102.35
11/9/2023,102.16
11/10/2023,101.61
11/13/2023,103.13
11/14/2023,103.39
11/15/2023,103.37
11/16/2023,101.78
11/17/2023,101.92
11/20/2023,102.69
11/21/2023,102.94
11/22/2023,102.18
11/24/2023,101.42
11/27/2023,100.97
11/28/2023,101.97
11/29/2023,102.33
11/30/2023,101.81
12/1/2023,101.47
12/4/2023,99.99
12/5/2023,99.57
12/6/2023,97.55
12/7/2023,97.82
12/8/2023,97.86
12/11/2023,97.3
12/12/2023,96.37
12/13/2023,96.4
12/14/2023,98.59
12/15/2023,98.9
12/18/2023,99.11
12/19/2023,99.58
12/20/2023,99.13
12/21/2023,99.02
12/22/2023,99.35
12/26/2023,99.91
12/27/2023,100.13
12/28/2023,99.57
12/29/2023,98.65
1/2/2024,98.1
1/3/2024,98.32
1/4/2024,98.31
1/5/2024,98.63
1/8/2024,97.4
1/9/2024,98.28
1/10/2024,97.49
1/11/2024,97.67
1/12/2024,97.96
1/16/2024,97.43
1/17/2024,96.64
1/18/2024,97.2
1/19/2024,96.8
1/22/2024,96.9
1/23/2024,97.6
1/24/2024,98.49
1/25/2024,98.72
1/26/2024,98.78
1/29/2024,97.91
1/30/2024,98.86
1/31/2024,98.56
2/1/2024,97.59
2/2/2024,96.67
2/5/2024,96.47
2/6/2024,96.63
2/7/2024,96.65
2/8/2024,96.99
2/9/2024,96.95
2/12/2024,96.72
2/13/2024,96.28
2/14/2024,95.4
2/15/2024,95.62
2/16/2024,96.25
2/20/2024,95.83
2/21/2024,96.55
2/22/2024,96.42
2/23/2024,95.41
2/26/2024,95.8
2/27/2024,96.66
2/28/2024,96.66
2/29/2024,96.7
3/1/2024,97.22
3/4/2024,97.65
3/5/2024,97.3
3/6/2024,97.87
3/7/2024,98.29
3/8/2024,98
3/11/2024,98.3
3/12/2024,98.18
3/13/2024,98.99
3/14/2024,99.08
3/15/2024,99.19
3/18/2024,99.68
3/19/2024,99.59
3/20/2024,99.25
3/21/2024,99.44
3/22/2024,98.7
3/25/2024,99.28
3/26/2024,98.68
3/27/2024,98.31
3/28/2024,99.49
4/1/2024,99.9
4/2/2024,100.7
4/3/2024,101.91
4/4/2024,102.26
4/5/2024,102.9
4/8/2024,102.92
4/9/2024,102.8
4/10/2024,102.87
4/11/2024,102.35
4/12/2024,102.93
4/15/2024,102.81
4/16/2024,102.83
4/17/2024,102.22
4/18/2024,102.09
4/19/2024,103.06
4/22/2024,102.78
4/23/2024,102.95
4/24/2024,102.69
4/25/2024,103.02
4/26/2024,102.92
4/29/2024,103.38
4/30/2024,101.67
5/1/2024,100.53
5/2/2024,100.84
5/3/2024,101.34
5/6/2024,102.54
5/7/2024,102.55
5/8/2024,102.06
5/9/2024,102.47
5/10/2024,102.79
5/13/2024,103.27
5/14/2024,103.13
5/15/2024,103.9
5/16/2024,104.11
5/17/2024,105.74
5/20/2024,107.24
5/21/2024,106.99
5/22/2024,106.41
5/23/2024,105.12
5/24/2024,105.03
5/28/2024,106.65
5/29/2024,105.51
5/30/2024,104.05
5/31/2024,102.99
6/3/2024,102.74
6/4/2024,101.28
6/5/2024,101.87
